,Var1,Var2,PairedSF,SelectionAsymmetryP,ENSEMBLE_P,fdr
1,sex,rs2842180,0.995663559456324,1,0.999990584197435,1
2,sex,rs3747945,0.144024447584477,0.0584677591592008,0.0486473096450811,1
3,sex,rs6693848,0.994729288408603,1,0.999986085392653,1
4,sex,rs12759054,0.994368886073424,1,0.999984115512626,1
5,sex,rs622815,0.205740391982996,0.371176200842585,0.272795823218536,1
6,sex,rs4305308,0.99981788736743,0.851928082902803,0.988427379748975,1
7,sex,exm2269246,0.685689606330667,1,0.944421015703638,1
8,sex,rs10185087,0.992284345694306,1,0.999970157134833,1
9,sex,rs10184636,0.999966131790336,0.94510174649097,0.998462922966271,1
10,sex,rs6731912,6.09013888267226e-07,0.598059849217466,5.76406667307361e-06,0.000504355833893941
11,sex,rs1177498,0.00234911270359525,0.892846160650865,0.0150321634828735,0.428241866663255
12,sex,rs9818420,0.554603701237755,0.742810969879397,0.777303149589779,1
13,sex,rs1471695,0.00014315495027234,0.000904985623874238,2.18416018594783e-06,0.000222966352315508
14,sex,rs11719850,0.00467382875241048,0.205563890855423,0.00763598757604412,0.259835688351501
15,sex,exm2265552,0.967558643499109,1,0.999467993181487,1
16,sex,rs188721,0.291162365967237,1,0.650420141888304,1
17,sex,rs1425486,0.868988098733959,1,0.991016490593743,1
18,sex,rs9312547,6.21719797457187e-15,0.135705860353457,3.01278136235054e-14,1.8453285844397e-11
19,sex,rs17222326,0.922996146615885,0.846573590279973,0.97414253379104,1
20,sex,rs246210,0.808861951196632,1,0.980443435047528,1
21,sex,rs953741,0.0201569198399791,0.718388100452537,0.0758046915602765,1
22,sex,rs927629,0.723780391447343,0.94510174649097,0.943798909915939,1
23,sex,rs13205533,0.999999953075569,0.94510174649097,0.998464732514563,1
24,sex,rs6464448,0.99958200907785,1,0.999999912625825,1
25,sex,rs7790976,0.690102703201757,0.235786795139986,0.458169407188526,1
26,sex,rs1333042,0.23314966695797,0.00486297695769536,0.00882344724694061,0.284440075723743
27,sex,rs2383206,0.472864354080407,0.94510174649097,0.806846390209413,1
28,sex,exm.rs2383207,0.286082607538161,0.647821539040544,0.497726239241273,1
29,sex,rs10512215,0.046272980736018,0.330617839277919,0.0792469593079261,1
30,sex,exm.rs7025486,0.376299735769193,0.94510174649097,0.723315094766254,1
31,sex,rs10453997,0.31424662314877,1,0.678011315358317,1
32,sex,rs2199210,0.99448448491952,1,0.999984761588235,1
33,sex,rs10834964,0.993923266009425,1,0.999981499346186,1
34,sex,rs4754193,0.999998525834252,0.918752268278585,0.996606079076918,1
35,sex,rs2244175,0.0133176680529313,0.00227484525554672,0.000345506820544005,0.0211622927583203
36,sex,rs9515203,0.999999358168883,0.958648919384934,0.999132985458687,1
37,sex,rs8008403,0.999993421800749,1,0.99999999997822,1
38,sex,rs17826595,0.60874804101087,1,0.91090061159283,1
39,sex,rs2461700,0.968843478824639,1,0.999509515483558,1
40,sex,rs2713935,0.987853293951119,1,0.999925928320113,1
41,sex,rs8082489,2.34522559905147e-11,0.00385948374471031,2.80893401228031e-12,8.60236041260844e-10
42,sex,exm2272546,0.997554765314488,1,0.999997008058854,1
43,sex,rs2812,0.995185216544732,1,0.999988390202543,1
44,sex,rs9303470,0.994965995419384,1,0.999987308107094,1
45,sex,exm.rs6504218,0.99816555780729,1,0.999998316458576,1
46,sex,rs7407139,0.0383543232523867,0.256978524837895,0.0553886084292374,1
47,sex,rs1978723,0.68238850302166,1,0.943167451887252,1
48,sex,rs6086371,0.208028335651488,0.70853241129036,0.429602851698055,1
49,sex,exm1609541,0.940107103059166,0.918752268278585,0.990261522563234,1
50,rs2842180,rs3747945,0.984129654079046,1,0.999873395252407,1
51,rs2842180,rs6693848,0.670382243245209,1,0.938472923154183,1
52,rs2842180,rs12759054,0.914388614968221,1,0.996226044824243,1
53,rs2842180,rs622815,0.119151978856731,1,0.37263063751573,1
54,rs2842180,rs4305308,0.803586322520365,0.596573590279973,0.83186324463305,1
55,rs2842180,exm2269246,0.952377293893848,1,0.998847597192189,1
56,rs2842180,rs10185087,0.990731177122212,1,0.999956911340007,1
57,rs2842180,rs10184636,0.535775247802663,1,0.870120682025682,1
58,rs2842180,rs6731912,0.679758014134834,1,0.942157113564919,1
59,rs2842180,rs1177498,0.796097716335759,1,0.977634534992412,1
60,rs2842180,rs9818420,0.986482331471768,1,0.999908221410587,1
61,rs2842180,rs1471695,0.901613030155698,0.846573590279973,0.969465561786699,1
62,rs2842180,rs11719850,0.957072057430606,1,0.999065122580594,1
63,rs2842180,exm2265552,0.995832179007959,1,0.999991302630205,1
64,rs2842180,rs188721,0.340705983563443,1,0.707556192000088,1
65,rs2842180,rs1425486,0.99987312929562,1,0.999999991947854,1
66,rs2842180,rs9312547,0.440036950763821,1,0.801261817635514,1
67,rs2842180,rs17222326,0.180870836693253,1,0.490154860547807,1
68,rs2842180,rs246210,0.357615903582167,1,0.725350818536433,1
69,rs2842180,rs953741,0.973199153676904,1,0.999637606435556,1
70,rs2842180,rs927629,0.992294565099936,1,0.999970236861262,1
71,rs2842180,rs13205533,0.723294024192023,0.846573590279973,0.912663901577377,1
72,rs2842180,rs6464448,0.684031620373206,1,0.943793396036646,1
73,rs2842180,rs7790976,0.00976058673419476,0.38493019270998,0.0247374010203058,0.631319088539054
74,rs2842180,rs1333042,0.149094336073927,0.235786795139986,0.152851749091674,1
75,rs2842180,rs2383206,0.109340854446544,1,0.351343446996224,1
76,rs2842180,exm.rs2383207,0.0793518039322786,0.846573590279973,0.248583779950445,1
77,rs2842180,rs10512215,0.906849879066836,1,0.995520171676,1
78,rs2842180,exm.rs7025486,0.213021624360629,0.846573590279973,0.48924379096218,1
79,rs2842180,rs10453997,0.700044957342328,1,0.949688509683192,1
80,rs2842180,rs2199210,0.876139476877788,1,0.991991385912946,1
81,rs2842180,rs10834964,0.205207035362487,0.918752268278585,0.503099288990332,1
82,rs2842180,rs4754193,0.993001737585492,1,0.999975454572796,1
83,rs2842180,rs2244175,0.944795107651669,1,0.998447368676145,1
84,rs2842180,rs9515203,1.51452737414556e-13,0.000106759593696137,6.41319241359674e-16,7.856160706656e-13
85,rs2842180,rs8008403,0.709637023962815,0.918752268278585,0.930859091106347,1
86,rs2842180,rs17826595,0.970606772996064,1,0.999563724149803,1
87,rs2842180,rs2461700,0.963113983625037,1,0.999311189363665,1
88,rs2842180,rs2713935,0.773496725582747,1,0.972156854992785,1
89,rs2842180,rs8082489,0.921963557679333,1,0.996872714337799,1
90,rs2842180,exm2272546,0.0822203336530807,1,0.287635712126518,1
91,rs2842180,rs2812,0.22199500938155,1,0.556119767712596,1
92,rs2842180,rs9303470,0.333136942624299,1,0.699321567591678,1
93,rs2842180,exm.rs6504218,0.28760468976796,0.846573590279973,0.587447123660236,1
94,rs2842180,rs7407139,0.662769236972663,1,0.935385037044185,1
95,rs2842180,rs1978723,0.907619286018943,1,0.995595076026235,1
96,rs2842180,rs6086371,0.986635934487342,1,0.999910299933092,1
97,rs2842180,exm1609541,0.983983264030614,1,0.999871042316614,1
98,rs3747945,rs6693848,0.888253214238199,1,0.993509819855726,1
99,rs3747945,rs12759054,0.911330152830481,1,0.995947198642624,1
100,rs3747945,rs622815,0.939842269545664,1,0.99815310851475,1
101,rs3747945,rs4305308,0.712162629448801,1,0.95390549868479,1
102,rs3747945,exm2269246,0.994473018430592,1,0.999984697917928,1
103,rs3747945,rs10185087,0.466225713879798,1,0.821995737523613,1
104,rs3747945,rs10184636,0.144400834526868,0.958648919384934,0.412159515602214,1
105,rs3747945,rs6731912,0.998711851254712,1,0.999999170042763,1
106,rs3747945,rs1177498,0.978033849545329,1,0.999756956867998,1
107,rs3747945,rs9818420,0.483531677517536,1,0.834884402113431,1
108,rs3747945,rs1471695,0.160263457455281,0.639873173081801,0.336094022585015,1
109,rs3747945,rs11719850,0.0523341658281421,0.596573590279973,0.139454363960048,1
110,rs3747945,exm2265552,0.721948866138602,1,0.957160514525964,1
111,rs3747945,rs188721,0.800085092217454,1,0.978533826041489,1
112,rs3747945,rs1425486,0.997448904794791,1,0.99999674317372,1
113,rs3747945,rs9312547,0.82302705355848,1,0.983324920053919,1
114,rs3747945,rs17222326,0.673852806122022,1,0.93985187309909,1
115,rs3747945,rs246210,0.135404037357044,0.846573590279973,0.36292263148407,1
116,rs3747945,rs953741,0.998216935535056,1,0.999998409331473,1
117,rs3747945,rs927629,0.0312109733978145,1,0.139418954906597,1
118,rs3747945,rs13205533,0.925682670230599,1,0.997167398331051,1
119,rs3747945,rs6464448,0.924610364187179,1,0.997083969983751,1
120,rs3747945,rs7790976,0.99992608709117,1,0.999999997269328,1
121,rs3747945,rs1333042,0.811182512813749,1,0.980932350252929,1
122,rs3747945,rs2383206,0.872468771566211,1,0.991498309222348,1
123,rs3747945,exm.rs2383207,0.938359755302823,1,0.998059959637535,1
124,rs3747945,rs10512215,0.900856400197602,1,0.994914287510742,1
125,rs3747945,exm.rs7025486,0.947763405925533,1,0.998611272185991,1
126,rs3747945,rs10453997,0.82173737301307,1,0.983072719128433,1
127,rs3747945,rs2199210,0.265529645548562,0.94510174649097,0.59789220783463,1
128,rs3747945,rs10834964,0.00344109159813782,0.94510174649097,0.0218820764214437,0.570330715239756
129,rs3747945,rs4754193,0.894810724544522,1,0.994262727467896,1
130,rs3747945,rs2244175,0.870500437332252,1,0.99122754143809,1
131,rs3747945,rs9515203,0.610642076053853,0.918752268278585,0.885293938539024,1
132,rs3747945,rs8008403,1.32546607249336e-06,0.501370581294688,1.01172078301157e-05,0.000826238639459448
133,rs3747945,rs17826595,0.0263140048054565,1,0.122035231619881,1
134,rs3747945,rs2461700,0.998703399334268,1,0.999999159050683,1
135,rs3747945,rs2713935,0.987886456696272,1,0.999926333501881,1
136,rs3747945,rs8082489,0.551488206326698,1,0.879698039854318,1
137,rs3747945,exm2272546,0.704445471723624,1,0.95124397295802,1
138,rs3747945,rs2812,0.834086409671297,1,0.985404924118807,1
139,rs3747945,rs9303470,0.774320171515114,1,0.972367919476679,1
140,rs3747945,exm.rs6504218,0.99688427199628,1,0.999995141157899,1
141,rs3747945,rs7407139,0.400692519275202,0.846573590279973,0.705948256539622,1
142,rs3747945,rs1978723,0.511607113764036,1,0.854485324723762,1
143,rs3747945,rs6086371,0.956571127408806,1,0.999043009276155,1
144,rs3747945,exm1609541,0.00264743310448128,0.742810969879397,0.0142210081162575,0.423799662657675
145,rs6693848,rs12759054,0.558299390320312,1,0.88370973321191,1
146,rs6693848,rs622815,0.19376930929142,1,0.511761579772912,1
147,rs6693848,rs4305308,0.918269335269726,1,0.996565142758922,1
148,rs6693848,exm2269246,0.487409686451574,0.846573590279973,0.777890103332865,1
149,rs6693848,rs10185087,0.983642289104586,1,0.999865477316327,1
150,rs6693848,rs10184636,0.705292366366886,1,0.951540170677461,1
151,rs6693848,rs6731912,0.955277001805092,1,0.998984675271441,1
152,rs6693848,rs1177498,0.623188232316553,1,0.917898087066462,1
153,rs6693848,rs9818420,0.911443759048014,1,0.995957739321331,1
154,rs6693848,rs1471695,0.639510906643791,0.846573590279973,0.873597091127398,1
155,rs6693848,rs11719850,0.660412117049491,1,0.934411298299554,1
156,rs6693848,exm2265552,0.368265469478366,1,0.736144738673974,1
157,rs6693848,rs188721,0.999372280844681,1,0.999999802955122,1
158,rs6693848,rs1425486,0.965504281409558,1,0.999398061463036,1
159,rs6693848,rs9312547,0.37403943057957,1,0.741867553910583,1
160,rs6693848,rs17222326,0.503033294935116,1,0.84866693126372,1
161,rs6693848,rs246210,0.703919487734269,1,0.95105949542325,1
162,rs6693848,rs953741,0.583725316761433,1,0.897959095762356,1
163,rs6693848,rs927629,0.591057997308561,1,0.90186060522268,1
164,rs6693848,rs13205533,0.606253963015393,0.846573590279973,0.855576171610777,1
165,rs6693848,rs6464448,0.779541304927191,1,0.97368575612543,1
166,rs6693848,rs7790976,0.0880980357504294,0.918752268278585,0.284427664530491,1
167,rs6693848,rs1333042,0.80445026256917,1,0.979495541455697,1
168,rs6693848,rs2383206,0.989194768456257,1,0.999941412427726,1
169,rs6693848,exm.rs2383207,0.902378595610566,1,0.995071934192211,1
170,rs6693848,rs10512215,0.153182630785123,0.60195844276545,0.312008699744865,1
171,rs6693848,exm.rs7025486,0.333254316029792,1,0.69945059319468,1
172,rs6693848,rs10453997,0.55967344312047,1,0.884508893363685,1
173,rs6693848,rs2199210,0.880408485264628,1,0.99254549206185,1
174,rs6693848,rs10834964,0.600234266461633,1,0.906615014962121,1
175,rs6693848,rs4754193,0.760074286123924,1,0.96859238975919,1
176,rs6693848,rs2244175,0.302556996077463,1,0.664259533505326,1
177,rs6693848,rs9515203,0.947647042434125,1,0.998605020132915,1
178,rs6693848,rs8008403,0.214231660829578,1,0.544297867356219,1
179,rs6693848,rs17826595,0.856805374126643,1,0.989219925595365,1
180,rs6693848,rs2461700,0.703919487734269,1,0.95105949542325,1
181,rs6693848,rs2713935,0.3179380738118,1,0.682262913896113,1
182,rs6693848,rs8082489,0.567951693597246,0.846573590279973,0.832901166795212,1
183,rs6693848,exm2272546,0.00155719168069569,0.0806075481774949,0.00125308470335656,0.0639595317338247
184,rs6693848,rs2812,1.34097835553742e-06,0.178203530814426,3.88248281777909e-06,0.000365849342444568
185,rs6693848,rs9303470,1.18387055532079e-07,0.846573590279973,1.71540997409429e-06,0.000191034292569592
186,rs6693848,exm.rs6504218,0.000103080951998527,0.489801226949618,0.000550016781010156,0.0320843122255924
187,rs6693848,rs7407139,0.923863134986564,1,0.997025092425429,1
188,rs6693848,rs1978723,0.862976765375318,1,0.990151508743102,1
189,rs6693848,rs6086371,0.823656982589625,1,0.98344736226808,1
190,rs6693848,exm1609541,0.027253502574893,1,0.125436232133428,1
191,rs12759054,rs622815,0.295735290563475,0.846573590279973,0.597074744082243,1
192,rs12759054,rs4305308,0.625253917584083,0.918752268278585,0.892893793258604,1
193,rs12759054,exm2269246,0.841901194731082,1,0.986786175957958,1
194,rs12759054,rs10185087,0.98610344244317,1,0.999902991845475,1
195,rs12759054,rs10184636,0.74026062921463,1,0.962896190765937,1
196,rs12759054,rs6731912,0.941024429485627,1,0.998225706672208,1
197,rs12759054,rs1177498,0.664865334842391,1,0.936243911522181,1
198,rs12759054,rs9818420,0.861550312581077,1,0.989940109393518,1
199,rs12759054,rs1471695,0.222027321400103,1,0.556168380106467,1
200,rs12759054,rs11719850,0.510239906782697,1,0.853567201108154,1
201,rs12759054,exm2265552,0.855252405619511,1,0.988978509759288,1
202,rs12759054,rs188721,0.417994511449818,1,0.782605670276845,1
203,rs12759054,rs1425486,0.681631142144494,0.846573590279973,0.894327789699952,1
204,rs12759054,rs9312547,0.593737824304312,1,0.903263688459456,1
205,rs12759054,rs17222326,0.981844893679735,1,0.999834189675406,1
206,rs12759054,rs246210,0.850157138096149,1,0.988166607279939,1
207,rs12759054,rs953741,0.809956362100418,1,0.98067484675526,1
208,rs12759054,rs927629,0.933314786773049,1,0.997725401202592,1
209,rs12759054,rs13205533,0.21067729126719,0.918752268278585,0.511418393217665,1
210,rs12759054,rs6464448,0.169138605862382,1,0.46970411342709,1
211,rs12759054,rs7790976,0.991993207487197,1,0.999967859681612,1
212,rs12759054,rs1333042,0.883284861026303,1,0.992907163380702,1
213,rs12759054,rs2383206,0.617982232451213,1,0.915414328896339,1
214,rs12759054,exm.rs2383207,0.521252600507165,1,0.860859363894113,1
215,rs12759054,rs10512215,0.605825618992038,1,0.909443049756497,1
216,rs12759054,exm.rs7025486,0.488516517114046,1,0.838480942545576,1
217,rs12759054,rs10453997,0.970528187148181,1,0.999561376027678,1
218,rs12759054,rs2199210,0.752688991087139,1,0.966530316701697,1
219,rs12759054,rs10834964,0.503930610826623,1,0.849282665297316,1
220,rs12759054,rs4754193,1,1,1,1
221,rs12759054,rs2244175,0.735061334593058,1,0.961314183911255,1
222,rs12759054,rs9515203,0.555019373582045,1,0.881788298837761,1
223,rs12759054,rs8008403,0.423831457381459,0.596573590279973,0.600503780206711,1
224,rs12759054,rs17826595,0.986333685695745,1,0.999906187787221,1
225,rs12759054,rs2461700,1,1,1,1
226,rs12759054,rs2713935,0.836072977479554,1,0.985762965749758,1
227,rs12759054,rs8082489,0.870071194399857,1,0.991167911125954,1
228,rs12759054,exm2272546,1,1,1,1
229,rs12759054,rs2812,0.985143024301935,1,0.999889084113404,1
230,rs12759054,rs9303470,0.962762586758825,1,0.999297918410452,1
231,rs12759054,exm.rs6504218,0.98244149560958,1,0.999844939316694,1
232,rs12759054,rs7407139,0.87625083365668,1,0.992006096037669,1
233,rs12759054,rs1978723,0.85584842103037,1,0.989071491894922,1
234,rs12759054,rs6086371,0.379252308237533,1,0.746957731321009,1
235,rs12759054,exm1609541,0.203151260425538,1,0.526934706827502,1
236,rs622815,rs4305308,0.725232441444098,1,0.958222826282526,1
237,rs622815,exm2269246,0.47219207314165,1,0.826510595522914,1
238,rs622815,rs10185087,0.967761063968949,1,0.999474650298094,1
239,rs622815,rs10184636,0.677787998361572,1,0.941393799884202,1
240,rs622815,rs6731912,0.596417778722483,1,0.904654779901168,1
241,rs622815,rs1177498,0.854094225779477,1,0.988796630588983,1
242,rs622815,rs9818420,0.789955158729647,1,0.976210081850801,1
243,rs622815,rs1471695,0.920273664713504,1,0.996733861061455,1
244,rs622815,rs11719850,0.236570088671528,1,0.57758843259104,1
245,rs622815,exm2265552,0.948015842568498,1,0.998624779937912,1
246,rs622815,rs188721,0.45840961928858,1,0.815965499291176,1
247,rs622815,rs1425486,0.665647130150204,0.846573590279973,0.886727851580881,1
248,rs622815,rs9312547,0.0192743419478689,1,0.0953883347640966,1
249,rs622815,rs17222326,0.320793531622168,1,0.68552212872015,1
250,rs622815,rs246210,0.632135932830235,1,0.922065584479293,1
251,rs622815,rs953741,0.273592686827325,0.846573590279973,0.570395323905169,1
252,rs622815,rs927629,0.922118475276466,1,0.996885286879142,1
253,rs622815,rs13205533,0.851431957373403,1,0.98837261160756,1
254,rs622815,rs6464448,0.845803558453627,1,0.987448719858436,1
255,rs622815,rs7790976,0.983632755268202,1,0.99986532058729,1
256,rs622815,rs1333042,0.0621461277549064,1,0.234804655480973,1
257,rs622815,rs2383206,0.0370692119560423,0.918752268278585,0.149161535484132,1
258,rs622815,exm.rs2383207,0.161006805779572,0.38493019270998,0.234332808626358,1
259,rs622815,rs10512215,0.0216354048035755,1,0.104573070629744,1
260,rs622815,exm.rs7025486,0.93791383454759,1,0.998031478297052,1
261,rs622815,rs10453997,0.500998224775155,1,0.84726449405478,1
262,rs622815,rs2199210,0.990706642048886,1,0.999956681958838,1
263,rs622815,rs10834964,0.935581401865593,1,0.997879075405358,1
264,rs622815,rs4754193,0.480676733290927,1,0.832801404200263,1
265,rs622815,rs2244175,0.579737115503169,1,0.895798493389629,1
266,rs622815,rs9515203,0.461273724716816,1,0.818190546131753,1
267,rs622815,rs8008403,0.336592288364532,1,0.703101890756029,1
268,rs622815,rs17826595,0.819046477543523,1,0.98253999220125,1
269,rs622815,rs2461700,0.00402396213675652,1,0.0262180772886717,0.655451932216791
270,rs622815,rs2713935,0.7678349074361,1,0.97068194074188,1
271,rs622815,rs8082489,0.126083549260601,1,0.387178585240879,1
272,rs622815,exm2272546,0.953934822884301,1,0.998922320986423,1
273,rs622815,rs2812,0.670235836255,1,0.938414360741383,1
274,rs622815,rs9303470,0.898458255922477,1,0.994660708564371,1
275,rs622815,exm.rs6504218,0.475045244588759,1,0.828642872159028,1
276,rs622815,rs7407139,0.815202913242374,1,0.98176372150247,1
277,rs622815,rs1978723,0.80001664026855,1,0.978518545062096,1
278,rs622815,rs6086371,0.209534878785378,1,0.537009654444328,1
279,rs622815,exm1609541,0.301309970412598,0.918752268278585,0.632376107014368,1
280,rs4305308,exm2269246,0.00172031495604827,0.166517150898271,0.00262339129848739,0.111600440827264
281,rs4305308,rs10185087,0.950375494398222,0.846573590279973,0.979520012969123,1
282,rs4305308,rs10184636,0.997502423081228,0.596573590279973,0.903963747253455,1
283,rs4305308,rs6731912,0.00028874040118566,1,0.00264196961958421,0.111600440827264
284,rs4305308,rs1177498,0.533588880602801,1,0.868751875222595,1
285,rs4305308,rs9818420,0.524757617462015,1,0.863131185495861,1
286,rs4305308,rs1471695,0.796660225122475,0.94510174649097,0.966597312836401,1
287,rs4305308,rs11719850,0.0652737658674918,0.38493019270998,0.117685896678909,1
288,rs4305308,exm2265552,0.000299586714127841,0.45072529213994,0.00133816074253067,0.0655698763840026
289,rs4305308,rs188721,0.956509281352929,1,0.999040263349946,1
290,rs4305308,rs1425486,0.169114242705806,0.256978524837895,0.179742814264564,1
291,rs4305308,rs9312547,0.214354643142577,0.596573590279973,0.390882548580291,1
292,rs4305308,rs17222326,0.576335332958169,1,0.893933898006128,1
293,rs4305308,rs246210,0.589043086498418,1,0.900797649656823,1
294,rs4305308,rs953741,0.274149304807788,1,0.628921092458952,1
295,rs4305308,rs927629,0.283834258444699,0.742810969879397,0.539037870783582,1
296,rs4305308,rs13205533,0.0257040274204628,0.310860053898823,0.0465799405559291,1
297,rs4305308,rs6464448,0.287289410660879,1,0.645615473508343,1
298,rs4305308,rs7790976,0.991667592601099,1,0.99996518873319,1
299,rs4305308,rs1333042,0.832557562208959,0.918752268278585,0.969904782251498,1
300,rs4305308,rs2383206,0.92578051295446,1,0.997174945648556,1
301,rs4305308,exm.rs2383207,0.722636856119021,1,0.957384337838028,1
302,rs4305308,rs10512215,0.985640795308905,0.94510174649097,0.997600579322361,1
303,rs4305308,exm.rs7025486,0.836533563048881,1,0.985845304422958,1
304,rs4305308,rs10453997,0.994495578408406,1,0.999984822917797,1
305,rs4305308,rs2199210,0.473809549945666,0.851928082902803,0.769845619979769,1
306,rs4305308,rs10834964,0.69732360398658,1,0.948712732891673,1
307,rs4305308,rs4754193,0.562217738139184,1,0.885979835359814,1
308,rs4305308,rs2244175,0.00113919674779348,0.966875157523096,0.00860364352050752,0.284440075723743
309,rs4305308,rs9515203,0.986282646076218,1,0.99990548329973,1
310,rs4305308,rs8008403,0.925723627475702,1,0.997170555879279,1
311,rs4305308,rs17826595,0.909601223202194,1,0.995785019821682,1
312,rs4305308,rs2461700,0.99222526639814,1,0.999969698389183,1
313,rs4305308,rs2713935,0.781979620826075,1,0.974289204420525,1
314,rs4305308,rs8082489,0.763528258652306,0.742810969879397,0.888802689164644,1
315,rs4305308,exm2272546,0.982287044719656,1,0.999842190280619,1
316,rs4305308,rs2812,0.973458669753303,1,0.999644621545451,1
317,rs4305308,rs9303470,0.937618438839962,1,0.998012497451125,1
318,rs4305308,exm.rs6504218,0.794012551000191,0.846573590279973,0.939193478943644,1
319,rs4305308,rs7407139,0.376652172106006,0.958648919384934,0.728893386806752,1
320,rs4305308,rs1978723,0.950776508580949,1,0.998768141654402,1
321,rs4305308,rs6086371,0.126714718842853,1,0.388484103747882,1
322,rs4305308,exm1609541,0.547481419352099,1,0.877298862644736,1
323,exm2269246,rs10185087,0.0301579667087238,0.640489605429191,0.0955522766350102,1
324,exm2269246,rs10184636,0.871069257994143,1,0.991306254649939,1
325,exm2269246,rs6731912,0.484396648698737,1,0.835512098599229,1
326,exm2269246,rs1177498,0.000332233396044073,0.846573590279973,0.00258090692695534,0.111600440827264
327,exm2269246,rs9818420,0.0182884758087932,0.918752268278585,0.0854616761974143,1
328,exm2269246,rs1471695,0.733997104312007,1,0.960985850949979,1
329,exm2269246,rs11719850,0.892613134244485,1,0.994015778613039,1
330,exm2269246,exm2265552,0.804324832154523,1,0.979468223356198,1
331,exm2269246,rs188721,0.759145453589848,1,0.968337015893385,1
332,exm2269246,rs1425486,0.589943441737661,1,0.901273451100429,1
333,exm2269246,rs9312547,0.817250328240735,1,0.982179473771036,1
334,exm2269246,rs17222326,0.795023982467562,1,0.977388971194288,1
335,exm2269246,rs246210,0.66027699204925,1,0.934355232672777,1
336,exm2269246,rs953741,0.730859455485782,1,0.960008831830164,1
337,exm2269246,rs927629,0.312282670104938,1,0.675731799824923,1
338,exm2269246,rs13205533,0.881286850487003,1,0.992656935180342,1
339,exm2269246,rs6464448,0.355491996330458,1,0.723160501641906,1
340,exm2269246,rs7790976,0.114321573393223,1,0.362255398164411,1
341,exm2269246,rs1333042,0.504263539110838,1,0.849510697299203,1
342,exm2269246,rs2383206,0.438245192138658,0.846573590279973,0.738872998065378,1
343,exm2269246,exm.rs2383207,0.598672953494065,1,0.905816040132996,1
344,exm2269246,rs10512215,0.017121346092255,1,0.0867612264720078,1
345,exm2269246,exm.rs7025486,0.880134003419728,1,0.992510486398726,1
346,exm2269246,rs10453997,0.980560868843968,1,0.999809824385619,1
347,exm2269246,rs2199210,0.172927367532257,0.710820216562966,0.380588163845392,1
348,exm2269246,rs10834964,0.416788803046037,1,0.781552213247801,1
349,exm2269246,rs4754193,0.519460284642297,1,0.859688558766898,1
350,exm2269246,rs2244175,0.878684618065453,1,0.992324231309583,1
351,exm2269246,rs9515203,0.986102523436406,1,0.999902979250409,1
352,exm2269246,rs8008403,0.764770602881415,1,0.969866289600871,1
353,exm2269246,rs17826595,0.717470782256253,1,0.955687628264191,1
354,exm2269246,rs2461700,0.918569879233059,1,0.996590724094466,1
355,exm2269246,rs2713935,0.789263654311529,1,0.976046737895703,1
356,exm2269246,rs8082489,0.841723488839923,1,0.986755576346051,1
357,exm2269246,exm2272546,0.993297350738825,1,0.999977487222207,1
358,exm2269246,rs2812,0.970527706220638,1,0.999561361070139,1
359,exm2269246,rs9303470,0.972933034426432,1,0.999630338305615,1
360,exm2269246,exm.rs6504218,0.66323942595612,1,0.935578276936278,1
361,exm2269246,rs7407139,0.219159008027714,1,0.551833110246377,1
362,exm2269246,rs1978723,0.81992810692055,1,0.98271549797876,1
363,exm2269246,rs6086371,0.963692438061753,1,0.999332754011799,1
364,exm2269246,exm1609541,0.63581043051317,1,0.923740238131095,1
365,rs10185087,rs10184636,0.502805122163211,1,0.848510083523794,1
366,rs10185087,rs6731912,0.916369403073347,1,0.996401181786178,1
367,rs10185087,rs1177498,0.823720348324054,1,0.98345964010526,1
368,rs10185087,rs9818420,0.750246571194931,1,0.965832456201305,1
369,rs10185087,rs1471695,0.221054940223577,0.846573590279973,0.500766330853516,1
370,rs10185087,rs11719850,0.848288801848007,1,0.987861264050118,1
371,rs10185087,exm2265552,0.597097220211753,0.846573590279973,0.8503467004441,1
372,rs10185087,rs188721,0.000236422775712402,1,0.00221052689696776,0.104149824953289
373,rs10185087,rs1425486,0.26018883618408,1,0.610493407443718,1
374,rs10185087,rs9312547,0.987166938345306,1,0.999917301250548,1
375,rs10185087,rs17222326,0.733839900282296,1,0.960937219983383,1
376,rs10185087,rs246210,0.15180111635198,1,0.437974130354898,1
377,rs10185087,rs953741,0.230385047609589,1,0.568590976313412,1
378,rs10185087,rs927629,0.236742075939112,1,0.577836309921223,1
379,rs10185087,rs13205533,0.63383605343324,1,0.922843098307558,1
380,rs10185087,rs6464448,0.459239136542166,1,0.816611752752408,1
381,rs10185087,rs7790976,0.607887414710839,1,0.91047284340575,1
382,rs10185087,rs1333042,0.650840898209294,0.846573590279973,0.879398169937671,1
383,rs10185087,rs2383206,0.992484560686151,1,0.999971688367856,1
384,rs10185087,exm.rs2383207,0.685295470140019,1,0.944272196583127,1
385,rs10185087,rs10512215,0.0668874536856759,1,0.247800873903692,1
386,rs10185087,exm.rs7025486,0.560072597215533,1,0.884740447458571,1
387,rs10185087,rs10453997,0.995497215922791,1,0.999989847145862,1
388,rs10185087,rs2199210,0.918613472420706,1,0.996594426324928,1
389,rs10185087,rs10834964,0.666575839659594,1,0.936939889283108,1
390,rs10185087,rs4754193,0.999702023104427,1,0.999999955593589,1
391,rs10185087,rs2244175,0.532014701287201,1,0.86776074922896,1
392,rs10185087,rs9515203,0.971117699826061,1,0.999578831818568,1
393,rs10185087,rs8008403,0.409240068864817,1,0.774876998855152,1
394,rs10185087,rs17826595,0.642440709587733,1,0.926708350599238,1
395,rs10185087,rs2461700,0.414058271666318,1,0.779153582376668,1
396,rs10185087,rs2713935,0.382635255052057,1,0.750222687311947,1
397,rs10185087,rs8082489,0.792971810979381,1,0.976915580490965,1
398,rs10185087,exm2272546,0.315605578184516,1,0.679581528483869,1
399,rs10185087,rs2812,0.988255238365325,1,0.999930758225998,1
400,rs10185087,rs9303470,0.741057012864601,1,0.963135282204372,1
401,rs10185087,exm.rs6504218,0.740307502069608,1,0.962910294595623,1
402,rs10185087,rs7407139,0.777768957029339,1,0.973242349297858,1
403,rs10185087,rs1978723,0.768151775458075,1,0.970765594169606,1
404,rs10185087,rs6086371,0.740307502069608,1,0.962910294595623,1
405,rs10185087,exm1609541,0.938794607318601,1,0.998087521686215,1
406,rs10184636,rs6731912,0.161522493073252,1,0.45599591857639,1
407,rs10184636,rs1177498,0.987459172433413,1,0.999921033372093,1
408,rs10184636,rs9818420,0.775058101007044,1,0.972556300524257,1
409,rs10184636,rs1471695,0.992964700706967,0.846573590279973,0.986564314687747,1
410,rs10184636,rs11719850,0.980838543250495,0.918752268278585,0.994944644129498,1
411,rs10184636,exm2265552,0.833211011206215,0.551211883631591,0.816640314342506,1
412,rs10184636,rs188721,0.94152069226811,1,0.998255744015876,1
413,rs10184636,rs1425486,0.797896475025052,1,0.978042690719033,1
414,rs10184636,rs9312547,0.56034947026119,1,0.884900894865697,1
415,rs10184636,rs17222326,0.879732737931634,0.918752268278585,0.980314747097205,1
416,rs10184636,rs246210,0.942847191407538,1,0.998334743497939,1
417,rs10184636,rs953741,0.929687625234928,1,0.997468020776316,1
418,rs10184636,rs927629,0.345077900167319,1,0.712235640605029,1
419,rs10184636,rs13205533,0.999462687612727,1,0.999999855628496,1
420,rs10184636,rs6464448,0.778795248836131,1,0.973499583051393,1
421,rs10184636,rs7790976,0.993033326497898,1,0.999975675993736,1
422,rs10184636,rs1333042,0.000382837495288324,0.811812974184731,0.00282087199941566,0.115185606642806
423,rs10184636,rs2383206,0.0905476690452633,0.551211883631591,0.199519769577154,1
424,rs10184636,exm.rs2383207,0.000930213212123411,0.424092197960576,0.00348651807142857,0.133468269921875
425,rs10184636,rs10512215,0.967387779934705,0.94510174649097,0.996216309692128,1
426,rs10184636,exm.rs7025486,0.976127858327083,1,0.9997127666028,1
427,rs10184636,rs10453997,0.0033797543701604,0.596573590279973,0.0145302741482631,0.423799662657675
428,rs10184636,rs2199210,0.0508948804703386,0.256978524837895,0.0697988471784202,1
429,rs10184636,rs10834964,0.392390858869546,1,0.759471308611726,1
430,rs10184636,rs4754193,0.284936539680158,0.846573590279973,0.584245507587245,1
431,rs10184636,rs2244175,0.906819259599125,1,0.995517179142728,1
432,rs10184636,rs9515203,0.985813020086038,1,0.99989888520545,1
433,rs10184636,rs8008403,0.266442102328387,0.38493019270998,0.336124299171508,1
434,rs10184636,rs17826595,0.979314272938993,1,0.999784560228746,1
435,rs10184636,rs2461700,0.942847191407538,0.846573590279973,0.978108798248485,1
436,rs10184636,rs2713935,0.998973940325451,1,0.999999473379242,1
437,rs10184636,rs8082489,0.342501586174196,0.846573590279973,0.648925143113917,1
438,rs10184636,exm2272546,0.94456553645643,1,0.998434302434477,1
439,rs10184636,rs2812,0.0624224839590581,0.647821539040544,0.170164522861484,1
440,rs10184636,rs9303470,0.933287737945608,1,0.997723530564195,1
441,rs10184636,exm.rs6504218,0.817152311261068,0.596573590279973,0.837745561548676,1
442,rs10184636,rs7407139,0.736627733050761,0.742810969879397,0.877114275503544,1
443,rs10184636,rs1978723,0.991090112838493,1,0.999960188425629,1
444,rs10184636,rs6086371,0.730813984950184,1,0.959994564614995,1
445,rs10184636,exm1609541,0.958369466653049,1,0.999121169041627,1
446,rs6731912,rs1177498,0.747362902596942,1,0.964998266304564,1
447,rs6731912,rs9818420,0.391816908412797,1,0.758933913445503,1
448,rs6731912,rs1471695,0.871912867382494,1,0.991422291547666,1
449,rs6731912,rs11719850,0.996061027978882,1,0.99999223193332,1
450,rs6731912,exm2265552,0.162737363080344,1,0.458206258365432,1
451,rs6731912,rs188721,0.923896100241773,1,0.997027705151553,1
452,rs6731912,rs1425486,0.92856559398184,1,0.99738554218084,1
453,rs6731912,rs9312547,0.964176856057596,1,0.999350550562917,1
454,rs6731912,rs17222326,0.890140765326663,1,0.993731493292275,1
455,rs6731912,rs246210,0.99589647933387,1,0.999991569103912,1
456,rs6731912,rs953741,0.565020169947766,1,0.887586726942942,1
457,rs6731912,rs927629,0.572975864342587,1,0.892072838115946,1
458,rs6731912,rs13205533,0.117031575107122,1,0.368100813373083,1
459,rs6731912,rs6464448,0.337257850208639,1,0.703825993529009,1
460,rs6731912,rs7790976,0.795785880699461,1,0.977563373122307,1
461,rs6731912,rs1333042,0.978560610337431,1,0.999768515798604,1
462,rs6731912,rs2383206,0.418256814361762,1,0.782834388876042,1
463,rs6731912,exm.rs2383207,0.276485693454088,1,0.631934658986921,1
464,rs6731912,rs10512215,0.877669809384662,1,0.992192401747858,1
465,rs6731912,exm.rs7025486,0.0795863585183786,1,0.281012477937592,1
466,rs6731912,rs10453997,0.126974104592718,0.846573590279973,0.347237635229638,1
467,rs6731912,rs2199210,0.885225235984834,0.94510174649097,0.985862127472462,1
468,rs6731912,rs10834964,0.395496726613402,1,0.762364515388196,1
469,rs6731912,rs4754193,0.859493211216147,1,0.989631098772673,1
470,rs6731912,rs2244175,0.430406811895325,1,0.793250264886035,1
471,rs6731912,rs9515203,0.997050531776982,1,0.999995645942003,1
472,rs6731912,rs8008403,0.152409657740437,0.918752268278585,0.415308405769017,1
473,rs6731912,rs17826595,0.548909209013864,1,0.878157147422425,1
474,rs6731912,rs2461700,0.797743256100957,1,0.978008087067696,1
475,rs6731912,rs2713935,0.968688704430001,1,0.999504603357549,1
476,rs6731912,rs8082489,0.928218760925774,1,0.997359774589885,1
477,rs6731912,exm2272546,0.866374456225767,1,0.990645539272959,1
478,rs6731912,rs2812,0.910396438038046,1,0.995860016747914,1
479,rs6731912,rs9303470,0.620055526471444,1,0.916408725087614,1
480,rs6731912,exm.rs6504218,0.893773848504813,1,0.994146882188156,1
481,rs6731912,rs7407139,0.20022971652969,0.918752268278585,0.495413599210552,1
482,rs6731912,rs1978723,0.916267943610772,1,0.996392311589108,1
483,rs6731912,rs6086371,0.785488967988823,1,0.97514439626046,1
484,rs6731912,exm1609541,0.0141558575954672,1,0.0744262261717261,1
485,rs1177498,rs9818420,0.0154023327006275,0.846573590279973,0.0696266811312275,1
486,rs1177498,rs1471695,0.798458654739275,0.94510174649097,0.967077771614029,1
487,rs1177498,rs11719850,0.246575163648253,0.846573590279973,0.535772172017849,1
488,rs1177498,exm2265552,0.515860941864024,0.846573590279973,0.798521577400525,1
489,rs1177498,rs188721,0.147788041436475,1,0.430355177744772,1
490,rs1177498,rs1425486,0.678744113740293,1,0.941764972959599,1
491,rs1177498,rs9312547,0.363426532508632,1,0.731278881794054,1
492,rs1177498,rs17222326,0.890140765326663,1,0.993731493292275,1
493,rs1177498,rs246210,0.641672833110934,1,0.926368110509155,1
494,rs1177498,rs953741,0.993324647844859,1,0.999977669774237,1
495,rs1177498,rs927629,0.0605273617959831,1,0.230286012470065,1
496,rs1177498,rs13205533,0.861969261504962,1,0.990002447673549,1
497,rs1177498,rs6464448,0.199840069193393,1,0.521630169427555,1
498,rs1177498,rs7790976,0.795785880699461,1,0.977563373122307,1
499,rs1177498,rs1333042,0.717883816623645,1,0.955824634929734,1
500,rs1177498,rs2383206,0.890916910182788,1,0.99382147417951,1
501,rs1177498,exm.rs2383207,0.944337246436836,1,0.998421254837311,1
502,rs1177498,rs10512215,0.0660901961850237,1,0.245639746498903,1
503,rs1177498,exm.rs7025486,0.759452823138392,1,0.968421633852075,1
504,rs1177498,rs10453997,0.824042548501514,1,0.983522059491705,1
505,rs1177498,rs2199210,0.0580479977108609,1,0.223280762701565,1
506,rs1177498,rs10834964,0.556166397031279,1,0.882462413247343,1
507,rs1177498,rs4754193,0.756749171355833,1,0.967672901066736,1
508,rs1177498,rs2244175,0.430406811895325,1,0.793250264886035,1
509,rs1177498,rs9515203,0.999007647010633,1,0.999999507408144,1
510,rs1177498,rs8008403,0.478794358748843,1,0.831418815499177,1
511,rs1177498,rs17826595,0.917805879815163,1,0.996525514208365,1
512,rs1177498,rs2461700,0.189772924352002,1,0.505161641462806,1
513,rs1177498,rs2713935,0.437236372184104,1,0.798953883868977,1
514,rs1177498,rs8082489,0.520663143603863,1,0.860474959081591,1
515,rs1177498,exm2272546,1,1,1,1
516,rs1177498,rs2812,0.528421077312112,1,0.865480720931596,1
517,rs1177498,rs9303470,0.620055526471444,1,0.916408725087614,1
518,rs1177498,exm.rs6504218,0.218252412496256,1,0.550455051950881,1
519,rs1177498,rs7407139,0.00448334150450332,1,0.0287265051335424,0.703799375771788
520,rs1177498,rs1978723,0.916267943610772,1,0.996392311589108,1
521,rs1177498,rs6086371,0.129727826372404,0.918752268278585,0.372706601110641,1
522,rs1177498,exm1609541,0.311491276583763,1,0.674809728126889,1
523,rs9818420,rs1471695,0.485489106701189,0.918752268278585,0.806152297895588,1
524,rs9818420,rs11719850,0.575608392339185,0.918752268278585,0.865748725585535,1
525,rs9818420,exm2265552,0.134216312822319,0.846573590279973,0.360740298124088,1
526,rs9818420,rs188721,0.296214453159263,1,0.65661021780193,1
527,rs9818420,rs1425486,0.00279412520701424,0.27730040397856,0.00632470517200634,0.234780722294175
528,rs9818420,rs9312547,0.189425668592511,1,0.504584302539558,1
529,rs9818420,rs17222326,0.969496986268642,1,0.999529979839243,1
530,rs9818420,rs246210,0.370894976745094,1,0.738762115327403,1
531,rs9818420,rs953741,0.231479655628148,1,0.570195403012229,1
532,rs9818420,rs927629,1.43893016226588e-07,0.256978524837895,6.69770313234067e-07,9.45382902345852e-05
533,rs9818420,rs13205533,0.660106612943002,1,0.934284478352732,1
534,rs9818420,rs6464448,1,1,1,1
535,rs9818420,rs7790976,0.841340402916331,1,0.986689479602419,1
536,rs9818420,rs1333042,0.782486763712443,1,0.974413773953083,1
537,rs9818420,rs2383206,0.996075571693495,1,0.999992289449282,1
538,rs9818420,exm.rs2383207,0.891890546172211,1,0.9939333972079,1
539,rs9818420,rs10512215,0.702111530760361,0.846573590279973,0.903602841167167,1
540,rs9818420,exm.rs7025486,0.986314614277894,0.846573590279973,0.985567984269985,1
541,rs9818420,rs10453997,0.573293976661666,1,0.892249903419338,1
542,rs9818420,rs2199210,0.0305533597823872,1,0.137132053434914,1
543,rs9818420,rs10834964,0.459118775324545,1,0.816518121424407,1
544,rs9818420,rs4754193,0.438014913278375,0.596573590279973,0.611997999240118,1
545,rs9818420,rs2244175,0.651195300296419,1,0.930522711920384,1
546,rs9818420,rs9515203,0.980447925576285,1,0.999807599625076,1
547,rs9818420,rs8008403,0.97993817003638,1,0.999797402695224,1
548,rs9818420,rs17826595,0.864569224176765,1,0.99038470842639,1
549,rs9818420,rs2461700,0.531292079660173,1,0.867304236864107,1
550,rs9818420,rs2713935,0.996505620835146,1,0.99999388746028,1
551,rs9818420,rs8082489,0.582372129294893,1,0.897229064948433,1
552,rs9818420,exm2272546,0.597278752597796,1,0.905099135447617,1
553,rs9818420,rs2812,0.853394756228231,1,0.988686039126212,1
554,rs9818420,rs9303470,0.99670263805317,1,0.999994557591395,1
555,rs9818420,exm.rs6504218,0.553020640489136,1,0.880607897435502,1
556,rs9818420,rs7407139,0.934112850031888,1,0.997780139121413,1
557,rs9818420,rs1978723,0.545491637188589,1,0.876096533502812,1
558,rs9818420,rs6086371,0.403969129348751,1,0.770133514912361,1
559,rs9818420,exm1609541,0.908141419205402,1,0.995645533177801,1
560,rs1471695,rs11719850,1,1,1,1
561,rs1471695,exm2265552,0.0119673033771049,0.494557806896274,0.0362785761747811,0.830579605444602
562,rs1471695,rs188721,0.851040370401844,0.958648919384934,0.981895467370617,1
563,rs1471695,rs1425486,0.97037356627438,1,0.999556738882432,1
564,rs1471695,rs9312547,0.472528825120028,1,0.826763124880067,1
565,rs1471695,rs17222326,0.759856265787527,0.596573590279973,0.811959539095604,1
566,rs1471695,rs246210,0.877382746616123,1,0.992154892588193,1
567,rs1471695,rs953741,0.903818930742887,0.846573590279973,0.969967731594511,1
568,rs1471695,rs927629,0.950841078401437,1,0.998771400226231,1
569,rs1471695,rs13205533,0.972401458516254,0.235786795139986,0.566965343542825,1
570,rs1471695,rs6464448,0.934801220116162,1,0.997826798727979,1
571,rs1471695,rs7790976,0.854116876141813,1,0.988800210390288,1
572,rs1471695,rs1333042,0.864751810340288,1,0.990411261814634,1
573,rs1471695,rs2383206,0.961522978619449,0.846573590279973,0.98151705469265,1
574,rs1471695,exm.rs2383207,0.99616285373499,1,0.99999262889787,1
575,rs1471695,rs10512215,0.703468056319461,0.918752268278585,0.928410083952692,1
576,rs1471695,exm.rs7025486,0.229221110300354,1,0.566879422128254,1
577,rs1471695,rs10453997,0.951746544133415,1,0.998816608988534,1
578,rs1471695,rs2199210,0.844642452425816,0.846573590279973,0.954880460455498,1
579,rs1471695,rs10834964,0.225328028723708,1,0.561111371115102,1
580,rs1471695,rs4754193,0.954237024027805,1,0.998936524862037,1
581,rs1471695,rs2244175,0.363954232690882,1,0.73181262530359,1
582,rs1471695,rs9515203,0.998368056170734,0.235786795139986,0.575901736500367,1
583,rs1471695,rs8008403,0.9112398321439,1,0.995938800519867,1
584,rs1471695,rs17826595,0.942484593684854,1,0.998313334375569,1
585,rs1471695,rs2461700,0.557085348029396,1,0.883000761932719,1
586,rs1471695,rs2713935,4.14994126956153e-09,0.710820216562966,6.08895976657602e-08,1.0655679591508e-05
587,rs1471695,rs8082489,0.981217320711846,1,0.999822490209375,1
588,rs1471695,exm2272546,0.97908198759458,1,0.999779676990311,1
589,rs1471695,rs2812,0.934587427109599,1,0.997812359583088,1
590,rs1471695,rs9303470,0.968243079359679,0.846573590279973,0.982667999974161,1
591,rs1471695,exm.rs6504218,0.957334750160521,1,0.999076612900439,1
592,rs1471695,rs7407139,0.735054973866943,1,0.961312244735551,1
593,rs1471695,rs1978723,0.00215430145320641,0.38493019270998,0.006712808544632,0.237537450235848
594,rs1471695,rs6086371,0.0232853937483091,0.256978524837895,0.0366133050563335,0.830579605444602
595,rs1471695,exm1609541,0.948165819232085,1,0.998632775688177,1
596,rs11719850,exm2265552,0.0188577222457568,0.551211883631591,0.0578612140729356,1
597,rs11719850,rs188721,0.871810360517239,1,0.9914082362837,1
598,rs11719850,rs1425486,0.974483264809729,1,0.999671644136854,1
599,rs11719850,rs9312547,0.273265754270966,0.846573590279973,0.569990371225001,1
600,rs11719850,rs17222326,0.67202448465076,1,0.939127680872823,1
601,rs11719850,rs246210,0.977921827237611,1,0.999754462817375,1
602,rs11719850,rs953741,0.859521125230277,1,0.989635322724852,1
603,rs11719850,rs927629,0.217029986747177,1,0.54859100348497,1
604,rs11719850,rs13205533,0.441627672701412,1,0.802564745970876,1
605,rs11719850,rs6464448,0.868880335864834,1,0.991001346000663,1
606,rs11719850,rs7790976,0.910241075979834,1,0.995845424687344,1
607,rs11719850,rs1333042,0.983835424682536,1,0.999868643155122,1
608,rs11719850,rs2383206,0.995513854414201,1,0.999989922372355,1
609,rs11719850,exm.rs2383207,0.764530902265955,1,0.969801969440232,1
610,rs11719850,rs10512215,0.903860211113666,1,0.995222910151592,1
611,rs11719850,exm.rs7025486,0.165707482897479,1,0.463571883601799,1
612,rs11719850,rs10453997,0.846296955525959,1,0.987531204733199,1
613,rs11719850,rs2199210,0.0249563937372651,0.966875157523096,0.113996277536971,1
614,rs11719850,rs10834964,0.747628442513403,1,0.965075533919536,1
615,rs11719850,rs4754193,0.672811792225459,1,0.939440140514715,1
616,rs11719850,rs2244175,0.998470479331695,1,0.999998829718074,1
617,rs11719850,rs9515203,0.72898697004693,0.846573590279973,0.915008958710144,1
618,rs11719850,rs8008403,0.940127360989085,1,0.998170753788443,1
619,rs11719850,rs17826595,0.975939537165903,1,0.99970819636432,1
620,rs11719850,rs2461700,0.977921827237611,1,0.999754462817375,1
621,rs11719850,rs2713935,0.025747179978936,1,0.119967187347055,1
622,rs11719850,rs8082489,0.259829729891902,1,0.610009686043638,1
623,rs11719850,exm2272546,0.993874518311234,1,0.999981200700538,1
624,rs11719850,rs2812,0.973206845051306,1,0.999637812871206,1
625,rs11719850,rs9303470,0.806745562858333,1,0.97999171834002,1
626,rs11719850,exm.rs6504218,0.96683360680081,1,0.999443811505851,1
627,rs11719850,rs7407139,0.969730828157122,1,0.999537194283087,1
628,rs11719850,rs1978723,0.830264702396911,0.596573590279973,0.84330347014079,1
629,rs11719850,rs6086371,0.0107726518235121,1,0.0595807775843481,1
630,rs11719850,exm1609541,0.497062078003276,1,0.844528544966775,1
631,exm2265552,rs188721,0.663716340793161,1,0.935773929849618,1
632,exm2265552,rs1425486,0.206124296296919,1,0.531651438179415,1
633,exm2265552,rs9312547,0.972407505706537,1,0.999615776613011,1
634,exm2265552,rs17222326,0.814331228929911,0.846573590279973,0.945807800544815,1
635,exm2265552,rs246210,0.827859893775192,1,0.984252024541227,1
636,exm2265552,rs953741,0.754770661131316,1,0.967118858219214,1
637,exm2265552,rs927629,0.478581183685263,1,0.831261749635669,1
638,exm2265552,rs13205533,0.296363763130454,1,0.656791829226404,1
639,exm2265552,rs6464448,0.873409432520714,1,0.991626126917466,1
640,exm2265552,rs7790976,0.831996193571767,1,0.98502310243443,1
641,exm2265552,rs1333042,0.857659478952604,1,0.989351496456197,1
642,exm2265552,rs2383206,0.972610593120394,1,0.999621438208187,1
643,exm2265552,exm.rs2383207,0.625715102956427,1,0.919087958935384,1
644,exm2265552,rs10512215,0.910129778050217,0.918752268278585,0.985782799223764,1
645,exm2265552,exm.rs7025486,0.39259830875874,1,0.759665275834601,1
646,exm2265552,rs10453997,0.559911638917492,1,0.884647094409014,1
647,exm2265552,rs2199210,0.513920323672562,1,0.85603040587199,1
648,exm2265552,rs10834964,0.301180475726715,0.846573590279973,0.603416387045535,1
649,exm2265552,rs4754193,0.888379555086761,1,0.993524789065686,1
650,exm2265552,rs2244175,0.0168939545548028,1,0.0858347762491289,1
651,exm2265552,rs9515203,0.999463244689488,1,0.999999855897093,1
652,exm2265552,rs8008403,0.943465091117931,1,0.998370905131141,1
653,exm2265552,rs17826595,0.856723735490785,1,0.989207295417857,1
654,exm2265552,rs2461700,0.827859893775192,1,0.984252024541227,1
655,exm2265552,rs2713935,0.0274802545602095,1,0.126252174956603,1
656,exm2265552,rs8082489,0.162323231961475,1,0.457453702070295,1
657,exm2265552,exm2272546,0.887334796439376,1,0.993400515938354,1
658,exm2265552,rs2812,0.999260693841429,1,0.999999726650384,1
659,exm2265552,rs9303470,0.0609837447040731,0.918752268278585,0.217498037471635,1
660,exm2265552,exm.rs6504218,0.96859318710398,1,0.999501560605997,1
661,exm2265552,rs7407139,0.245462184843082,0.94510174649097,0.570936801358648,1
662,exm2265552,rs1978723,0.0747569944608433,1,0.268640182466266,1
663,exm2265552,rs6086371,0.819793020956845,1,0.982688664279594,1
664,exm2265552,exm1609541,0.800095904478252,1,0.978536234770162,1
665,rs188721,rs1425486,0.51280703624208,1,0.855288089704884,1
666,rs188721,rs9312547,0.882795964366887,1,0.992846351905007,1
667,rs188721,rs17222326,0.470107297077274,1,0.82494161628672,1
668,rs188721,rs246210,0.183165752814416,1,0.494064748019232,1
669,rs188721,rs953741,0.960907176054574,1,0.999225719935835,1
670,rs188721,rs927629,0.910272447478634,1,0.995848367781787,1
671,rs188721,rs13205533,0.882731025831883,0.38493019270998,0.706568469124589,1
672,rs188721,rs6464448,0.00975965716797866,1,0.0549419697829231,1
673,rs188721,rs7790976,0.0217494266660597,1,0.105009896043346,1
674,rs188721,rs1333042,0.75544166055514,1,0.967307340046009,1
675,rs188721,rs2383206,0.384073992326907,1,0.751602106147456,1
676,rs188721,exm.rs2383207,0.274600355136151,1,0.629504482114637,1
677,rs188721,rs10512215,0.0183050566094758,1,0.0915358758330275,1
678,rs188721,exm.rs7025486,0.158465481615192,1,0.450393555899211,1
679,rs188721,rs10453997,0.336322999374084,1,0.702808546839041,1
680,rs188721,rs2199210,0.62337375173345,1,0.91798583091827,1
681,rs188721,rs10834964,0.0896862171367547,1,0.305958991980525,1
682,rs188721,rs4754193,0.524325829997542,1,0.862852575018531,1
683,rs188721,rs2244175,0.419449692856285,0.846573590279973,0.722749721466519,1
684,rs188721,rs9515203,0.934674626407436,1,0.997818254606575,1
685,rs188721,rs8008403,0.996569292360254,1,0.999994108407468,1
686,rs188721,rs17826595,0.111311171984295,0.846573590279973,0.316810206146274,1
687,rs188721,rs2461700,0.183165752814416,1,0.494064748019232,1
688,rs188721,rs2713935,0.404059356395824,1,0.770215354265731,1
689,rs188721,rs8082489,0.0183296909242468,1,0.0916343935003538,1
690,rs188721,exm2272546,0.809239817418867,1,0.980523488395132,1
691,rs188721,rs2812,0.952775291176471,1,0.998866934053025,1
692,rs188721,rs9303470,0.859829332205852,1,0.989681922762361,1
693,rs188721,exm.rs6504218,0.869932503905469,1,0.991148595772004,1
694,rs188721,rs7407139,0.587043369641713,1,0.899735898420993,1
695,rs188721,rs1978723,0.30910196205,0.846573590279973,0.612493585101891,1
696,rs188721,rs6086371,0.341609428135667,1,0.708527718060283,1
697,rs188721,exm1609541,0.853434573593907,1,0.988692347811606,1
698,rs1425486,rs9312547,0.88167912575441,1,0.992706411042045,1
699,rs1425486,rs17222326,0.996914290969833,1,0.999995234323415,1
700,rs1425486,rs246210,1.01858752853564e-12,0.00501118219998374,1.73081131115276e-13,7.06747952054044e-11
701,rs1425486,rs953741,0.00718452608380829,0.792643275998383,0.035126501062259,0.827499303870524
702,rs1425486,rs927629,0.638550012328649,1,0.924974985563356,1
703,rs1425486,rs13205533,0.891893514222207,0.192351793227465,0.473985045107961,1
704,rs1425486,rs6464448,0.572655460554655,0.94510174649097,0.873489481324454,1
705,rs1425486,rs7790976,0.0582944783149957,0.94510174649097,0.214796397366863,1
706,rs1425486,rs1333042,0.711075359180701,1,0.953535619415162,1
707,rs1425486,rs2383206,0.525974096273874,1,0.86391419864659,1
708,rs1425486,exm.rs2383207,0.954097068863752,1,0.998929961241038,1
709,rs1425486,rs10512215,0.595471754104656,0.918752268278585,0.877063576384187,1
710,rs1425486,exm.rs7025486,0.797254887067078,1,0.977897574558683,1
711,rs1425486,rs10453997,0.991920506385162,1,0.999967272580341,1
712,rs1425486,rs2199210,0.944802602909621,1,0.99844779455038,1
713,rs1425486,rs10834964,0.130257718661704,0.38493019270998,0.200206184204815,1
714,rs1425486,rs4754193,0.901695499455859,1,0.995001506781491,1
715,rs1425486,rs2244175,0.984203357640878,1,0.999874571514604,1
716,rs1425486,rs9515203,0.0467173293392481,0.296839725799482,0.0731957940586552,1
717,rs1425486,rs8008403,0.825207544545565,1,0.983746702509366,1
718,rs1425486,rs17826595,0.951509206293816,1,0.998804843360977,1
719,rs1425486,rs2461700,0.134873315591163,1,0.405081093820225,1
720,rs1425486,rs2713935,0.112886728245164,0.38493019270998,0.179726449171256,1
721,rs1425486,rs8082489,0.93623973915387,1,0.997922678165178,1
722,rs1425486,exm2272546,0.936831621332607,1,0.997961487691067,1
723,rs1425486,rs2812,0.890944444717074,1,0.993824650118443,1
724,rs1425486,rs9303470,0.817573028849422,1,0.982244534112504,1
725,rs1425486,exm.rs6504218,0.930946633268225,1,0.99755895816945,1
726,rs1425486,rs7407139,0.962007989819907,1,0.999268986733769,1
727,rs1425486,rs1978723,0.922359143335573,1,0.996904763711306,1
728,rs1425486,rs6086371,0.930946633268225,1,0.99755895816945,1
729,rs1425486,exm1609541,0.996350555824296,1,0.999993332824482,1
730,rs9312547,rs17222326,0.935909145004607,1,0.997900838622169,1
731,rs9312547,rs246210,0.959928074863557,1,0.999186176945467,1
732,rs9312547,rs953741,0.32324397555804,1,0.688298907693725,1
733,rs9312547,rs927629,0.988958308472528,1,0.999938814817839,1
734,rs9312547,rs13205533,0.932757182546906,1,0.997686753105424,1
735,rs9312547,rs6464448,0.625623531941245,1,0.919045004642986,1
736,rs9312547,rs7790976,0.574954013783621,1,0.893171054395247,1
737,rs9312547,rs1333042,0.736408256203211,1,0.961727558936946,1
738,rs9312547,rs2383206,0.696133467703529,1,0.948282678926379,1
739,rs9312547,exm.rs2383207,0.330485076370253,1,0.696396121957368,1
740,rs9312547,rs10512215,0.132077031337284,0.675984628064276,0.30498338065072,1
741,rs9312547,exm.rs7025486,0.909851580462265,1,0.995808710513031,1
742,rs9312547,rs10453997,0.0843014264852821,1,0.292808915709889,1
743,rs9312547,rs2199210,0.589517400260023,1,0.901048484838213,1
744,rs9312547,rs10834964,1,1,1,1
745,rs9312547,rs4754193,0.795863030043414,1,0.977580980962643,1
746,rs9312547,rs2244175,0.0635520937424729,0.596573590279973,0.161983453476538,1
747,rs9312547,rs9515203,0.999151236612305,1,0.999999639667315,1
748,rs9312547,rs8008403,0.513453834806057,0.846573590279973,0.796828557234659,1
749,rs9312547,rs17826595,0.95281752295771,1,0.998868974593486,1
750,rs9312547,rs2461700,0.385724245167471,0.846573590279973,0.692008879108417,1
751,rs9312547,rs2713935,0.711260551006802,0.846573590279973,0.907581908758363,1
752,rs9312547,rs8082489,0.280135882113401,1,0.636603352288268,1
753,rs9312547,exm2272546,0.937115196435252,1,0.997979950161511,1
754,rs9312547,rs2812,0.94833502170385,1,0.998641766414079,1
755,rs9312547,rs9303470,0.718614264615722,1,0.956066385830433,1
756,rs9312547,exm.rs6504218,0.715237985248792,1,0.954942809350455,1
757,rs9312547,rs7407139,0.938545365013413,1,0.998071749493712,1
758,rs9312547,rs1978723,0.882309632823977,0.846573590279973,0.964874997990592,1
759,rs9312547,rs6086371,0.39395428692632,1,0.760930753825411,1
760,rs9312547,exm1609541,0.97992278165854,0.846573590279973,0.984574580401932,1
761,rs17222326,rs246210,0.713052484908674,1,0.954207018603639,1
762,rs17222326,rs953741,0.436034735110749,1,0.797958087077569,1
763,rs17222326,rs927629,0.99818921152291,1,0.999998359511182,1
764,rs17222326,rs13205533,0.863571170666655,0.742810969879397,0.926278172138278,1
765,rs17222326,rs6464448,0.0622704714477296,1,0.235149980861505,1
766,rs17222326,rs7790976,0.914910503207746,1,0.996272605770598,1
767,rs17222326,rs1333042,0.444194418045776,1,0.80465503492783,1
768,rs17222326,rs2383206,0.0442383491926893,1,0.182180745840478,1
769,rs17222326,exm.rs2383207,0.0498826712062094,1,0.199434986638948,1
770,rs17222326,rs10512215,0.957234194933271,1,0.999072221242751,1
771,rs17222326,exm.rs7025486,0.133437632494935,0.846573590279973,0.359304655443968,1
772,rs17222326,rs10453997,0.961707069188928,1,0.999257285057656,1
773,rs17222326,rs2199210,0.797680229632249,0.918752268278585,0.960636582494898,1
774,rs17222326,rs10834964,0.995035323394146,1,0.999987655430984,1
775,rs17222326,rs4754193,0.352893170425068,1,0.720463163750149,1
776,rs17222326,rs2244175,0.470418962354926,1,0.825176782361942,1
777,rs17222326,rs9515203,0.976405042575212,1,0.999719422470298,1
778,rs17222326,rs8008403,0.477146727582333,1,0.830202472394681,1
779,rs17222326,rs17826595,0.985000604528452,1,0.999886942310897,1
780,rs17222326,rs2461700,0.357382692800687,1,0.725110943911073,1
781,rs17222326,rs2713935,0.192637311665525,1,0.509900556256597,1
782,rs17222326,rs8082489,0.578982930733193,1,0.895386827420473,1
783,rs17222326,exm2272546,0.14655837396855,1,0.427999082086595,1
784,rs17222326,rs2812,0.940191783033923,1,0.998174727631085,1
785,rs17222326,rs9303470,0.69476449189312,1,0.947785461192517,1
786,rs17222326,exm.rs6504218,0.979576993655443,1,0.99979001612253,1
787,rs17222326,rs7407139,0.579706774416663,1,0.895781973627012,1
788,rs17222326,rs1978723,0.868509770972629,1,0.990949193256003,1
789,rs17222326,rs6086371,0.133522883755277,1,0.402368893160511,1
790,rs17222326,exm1609541,0.494943188933415,1,0.843042825746771,1
791,rs246210,rs953741,0.896541634621769,1,0.994453432017929,1
792,rs246210,rs927629,0.899387123482236,1,0.994759679892158,1
793,rs246210,rs13205533,0.998541940008369,1,0.999998936455151,1
794,rs246210,rs6464448,0.466577038449556,1,0.822263677115595,1
795,rs246210,rs7790976,0.692721830276775,1,0.947038540074985,1
796,rs246210,rs1333042,0.0137533899014654,0.846573590279973,0.0634910060785601,1
797,rs246210,rs2383206,0.343478327760634,1,0.710529976859654,1
798,rs246210,exm.rs2383207,0.0433168182258436,1,0.179297599334069,1
799,rs246210,rs10512215,0.0942387966555377,1,0.316823616787281,1
800,rs246210,exm.rs7025486,2.92805093069767e-10,0.551211883631591,3.80045467708714e-09,7.75926163238624e-07
801,rs246210,rs10453997,0.139697354919545,1,0.414660526881847,1
802,rs246210,rs2199210,0.637520425052594,1,0.924512322516885,1
803,rs246210,rs10834964,0.164346861333347,1,0.461120561601727,1
804,rs246210,rs4754193,0.953839206188079,1,0.998917807704342,1
805,rs246210,rs2244175,0.990214662932312,1,0.999951967022903,1
806,rs246210,rs9515203,0.449308495316506,1,0.808775763651208,1
807,rs246210,rs8008403,0.986873051674597,1,0.999913462759417,1
808,rs246210,rs17826595,0.417592285249808,1,0.782254642880409,1
809,rs246210,rs2461700,0.0560279758676963,0.846573590279973,0.192025883303895,1
810,rs246210,rs2713935,0.554559263050103,1,0.881517223185954,1
811,rs246210,rs8082489,0.263744812528283,1,0.615256830098153,1
812,rs246210,exm2272546,0.300446174796707,1,0.661728722303393,1
813,rs246210,rs2812,0.962542813892619,1,0.999289552255758,1
814,rs246210,rs9303470,0.108497152215315,1,0.34947283515075,1
815,rs246210,exm.rs6504218,0.364460619567844,1,0.732324105444554,1
816,rs246210,rs7407139,0.264281717433814,1,0.615971849980466,1
817,rs246210,rs1978723,0.781897779378419,1,0.974269083343992,1
818,rs246210,rs6086371,0.719025231143239,1,0.956202042271932,1
819,rs246210,exm1609541,0.201794853595621,1,0.524768332417321,1
820,rs953741,rs927629,0.681710753159165,1,0.942908128041089,1
821,rs953741,rs13205533,0.306133935145025,0.846573590279973,0.609112830711895,1
822,rs953741,rs6464448,0.831088707977101,1,0.98485569320602,1
823,rs953741,rs7790976,0.627764140613984,1,0.920045302101785,1
824,rs953741,rs1333042,1.89173016145341e-05,0.710820216562966,0.000164276446709971,0.0111799248455397
825,rs953741,rs2383206,0.381424245190142,0.94510174649097,0.728289294442243,1
826,rs953741,exm.rs2383207,0.0385264901075376,0.846573590279973,0.144257331849056,1
827,rs953741,rs10512215,0.845954625259893,1,0.987473994063082,1
828,rs953741,exm.rs7025486,0.297774849625724,1,0.658504488008609,1
829,rs953741,rs10453997,0.106188415342342,0.918752268278585,0.324612128043252,1
830,rs953741,rs2199210,0.765123331887221,0.846573590279973,0.929028430466403,1
831,rs953741,rs10834964,0.926904130101799,1,0.997260913991882,1
832,rs953741,rs4754193,0.042930192339144,0.846573590279973,0.156812965573242,1
833,rs953741,rs2244175,0.846803173865705,1,0.987615530520425,1
834,rs953741,rs9515203,0.915343122137782,1,0.996310974212452,1
835,rs953741,rs8008403,0.431080335876328,1,0.793817515195935,1
836,rs953741,rs17826595,0.505929908676416,1,0.850648858224999,1
837,rs953741,rs2461700,0.967839613739745,1,0.999477219560959,1
838,rs953741,rs2713935,0.575115814315042,1,0.89326058230706,1
839,rs953741,rs8082489,0.974764174502209,1,0.9996788643296,1
840,rs953741,exm2272546,0.847562302489075,1,0.987741418813888,1
841,rs953741,rs2812,0.893431189835666,1,0.994108341661641,1
842,rs953741,rs9303470,0.408893050047703,1,0.774566823421645,1
843,rs953741,exm.rs6504218,0.755130754051441,1,0.967220083327818,1
844,rs953741,rs7407139,0.890305638623449,1,0.993750656740993,1
845,rs953741,rs1978723,0.901992130050369,1,0.99503214969881,1
846,rs953741,rs6086371,0.107339094948491,1,0.346894456356845,1
847,rs953741,exm1609541,0.943781074635916,1,0.998389242123145,1
848,rs927629,rs13205533,1.49538045697433e-07,0.256978524837895,6.94567030294912e-07,9.45382902345852e-05
849,rs927629,rs6464448,0.834876671671893,1,0.985547924701421,1
850,rs927629,rs7790976,0.000353428607800969,0.918752268278585,0.00293299516075651,0.115900615223443
851,rs927629,rs1333042,0.557740220961673,1,0.883383517810497,1
852,rs927629,rs2383206,0.96038342798398,1,0.999204689342147,1
853,rs927629,exm.rs2383207,0.384668304705868,1,0.75217034416475,1
854,rs927629,rs10512215,0.567573791521677,1,0.889038799536953,1
855,rs927629,exm.rs7025486,0.930836737316354,1,0.997551087967866,1
856,rs927629,rs10453997,0.803903650157417,1,0.979376417690555,1
857,rs927629,rs2199210,0.531461641408526,0.918752268278585,0.838312572447883,1
858,rs927629,rs10834964,0.831324485929409,1,0.984899287179572,1
859,rs927629,rs4754193,0.593098045769315,1,0.902929804699633,1
860,rs927629,rs2244175,0.0854330804992158,1,0.295600327746835,1
861,rs927629,rs9515203,0.919701652254841,1,0.996686159124487,1
862,rs927629,rs8008403,0.578982649344197,1,0.895386663475695,1
863,rs927629,rs17826595,0.964536163363046,1,0.999363591066603,1
864,rs927629,rs2461700,0.899387123482236,1,0.994759679892158,1
865,rs927629,rs2713935,0.963718097231651,1,0.999333704135361,1
866,rs927629,rs8082489,0.97566006041366,1,0.999701351667831,1
867,rs927629,exm2272546,0.695698362951196,1,0.94812494368812,1
868,rs927629,rs2812,0.345966993213578,1,0.713180485339468,1
869,rs927629,rs9303470,0.264715820784438,1,0.616549167760121,1
870,rs927629,exm.rs6504218,0.192537446782518,1,0.509736000429829,1
871,rs927629,rs7407139,0.798587290599615,1,0.978198358095764,1
872,rs927629,rs1978723,0.970914921888307,1,0.999572867059729,1
873,rs927629,rs6086371,0.611038079286791,1,0.912033002498354,1
874,rs927629,exm1609541,0.73846251165126,1,0.962353221238651,1
875,rs13205533,rs6464448,0.863926186235982,1,0.990290897372646,1
876,rs13205533,rs7790976,0.479290918001296,0.94510174649097,0.81169711495602,1
877,rs13205533,rs1333042,0.757522851655142,0.958648919384934,0.958532558430296,1
878,rs13205533,rs2383206,0.202615076711733,0.918752268278585,0.499111024048846,1
879,rs13205533,exm.rs2383207,0.630589670720121,0.94510174649097,0.904423920966329,1
880,rs13205533,rs10512215,0.569429569566125,0.45072529213994,0.605713375909832,1
881,rs13205533,exm.rs7025486,0.576685697494131,1,0.894126884920341,1
882,rs13205533,rs10453997,0.961026407597232,1,0.999230465933732,1
883,rs13205533,rs2199210,0.652028998540128,1,0.930879790486041,1
884,rs13205533,rs10834964,0.22712204928411,1,0.563777663824301,1
885,rs13205533,rs4754193,0.960077785397552,1,0.999192287538183,1
886,rs13205533,rs2244175,0.650120138740809,1,0.930060621393609,1
887,rs13205533,rs9515203,0.445781519435231,0.480808931446797,0.544458115670196,1
888,rs13205533,rs8008403,0.539369077622473,0.918752268278585,0.843466825528502,1
889,rs13205533,rs17826595,0.94929286610834,0.596573590279973,0.88832902841071,1
890,rs13205533,rs2461700,0.668819554450055,1,0.937846205480207,1
891,rs13205533,rs2713935,0.880269534181153,1,0.992527776759345,1
892,rs13205533,rs8082489,0.982662059375053,1,0.999848822365562,1
893,rs13205533,exm2272546,0.212558588961045,1,0.541713576635921,1
894,rs13205533,rs2812,0.00285442735657151,0.0255670993924983,0.000768132692015874,0.042739865026195
895,rs13205533,rs9303470,0.0457610686121225,0.62673100257235,0.130538183313224,1
896,rs13205533,exm.rs6504218,0.066694548108553,0.359728481158246,0.113482731645377,1
897,rs13205533,rs7407139,0.786491980358038,1,0.975385929333374,1
898,rs13205533,rs1978723,0.998754987765588,1,0.999999224665669,1
899,rs13205533,rs6086371,0.354950973715204,1,0.722600559156055,1
900,rs13205533,exm1609541,0.844658210630376,1,0.987256125990101,1
901,rs6464448,rs7790976,0.739036632901592,1,0.962527056620064,1
902,rs6464448,rs1333042,0.962910033775638,1,0.999303500724418,1
903,rs6464448,rs2383206,0.119920881846189,1,0.374263885422526,1
904,rs6464448,exm.rs2383207,0.357956205280817,0.742810969879397,0.618112218107909,1
905,rs6464448,rs10512215,0.773242731636385,1,0.972091577479772,1
906,rs6464448,exm.rs7025486,0.20949078961471,1,0.536940727458206,1
907,rs6464448,rs10453997,0.974576316646673,1,0.999674043553696,1
908,rs6464448,rs2199210,0.892277529184547,1,0.993977590668362,1
909,rs6464448,rs10834964,0.191164135749421,1,0.507468627626333,1
910,rs6464448,rs4754193,1,1,1,1
911,rs6464448,rs2244175,0.050186623308315,1,0.200345329396834,1
912,rs6464448,rs9515203,0.000102217059356145,0.184212133546463,0.000223697490172939,0.0144226013400974
913,rs6464448,rs8008403,0.995693731785416,1,0.999990714551928,1
914,rs6464448,rs17826595,0.937514888448629,1,0.998005825072033,1
915,rs6464448,rs2461700,0.681930448929895,1,0.942992232361787,1
916,rs6464448,rs2713935,0.966411641749426,1,0.999429485809875,1
917,rs6464448,rs8082489,0.715667998664717,1,0.95508679028623,1
918,rs6464448,exm2272546,0.207359388250603,0.846573590279973,0.480968684522809,1
919,rs6464448,rs2812,0.154435696080242,1,0.442918105152423,1
920,rs6464448,rs9303470,0.447726349695007,1,0.80750714252611,1
921,rs6464448,exm.rs6504218,0.0646462301388314,0.846573590279973,0.213733019517139,1
922,rs6464448,rs7407139,0.994600035471922,1,0.999985393684911,1
923,rs6464448,rs1978723,0.0293838486290193,1,0.133029800156008,1
924,rs6464448,rs6086371,0.606640395253081,1,0.909850849785514,1
925,rs6464448,exm1609541,0.388548587218605,1,0.755857975833055,1
926,rs7790976,rs1333042,0.965291070643932,1,0.999390553595141,1
927,rs7790976,rs2383206,0.912905170331122,1,0.996092077166639,1
928,rs7790976,exm.rs2383207,0.635579510349571,1,0.923635632009117,1
929,rs7790976,rs10512215,0.492360614295447,1,0.841219701758995,1
930,rs7790976,exm.rs7025486,0.683831647702291,1,0.943717416562661,1
931,rs7790976,rs10453997,0.942311603697069,1,0.998303070720903,1
932,rs7790976,rs2199210,0.00840886258677697,0.757815335348231,0.0385896715631874,0.859497230270991
933,rs7790976,rs10834964,0.880206012032593,1,0.992519676493747,1
934,rs7790976,rs4754193,0.212830818169632,1,0.54213491434714,1
935,rs7790976,rs2244175,0.989838902107245,1,0.999948200277468,1
936,rs7790976,rs9515203,0.000591557658608868,0.129476364248482,0.000802462771920395,0.042739865026195
937,rs7790976,rs8008403,0.797473956031755,1,0.977947188314321,1
938,rs7790976,rs17826595,0.99499805429623,1,0.999987469588783,1
939,rs7790976,rs2461700,0.36765583674463,1,0.735535173179723,1
940,rs7790976,rs2713935,0.494182435288738,1,0.842507160741191,1
941,rs7790976,rs8082489,0.997882661513701,1,0.999997756936716,1
942,rs7790976,exm2272546,0.594260579838567,1,0.903536003132127,1
943,rs7790976,rs2812,0.0172980829885355,1,0.0874791542101763,1
944,rs7790976,rs9303470,0.503923754661732,1,0.849278005097748,1
945,rs7790976,exm.rs6504218,0.400362018787412,1,0.766847826238993,1
946,rs7790976,rs7407139,0.991906988465102,1,0.999967162972207,1
947,rs7790976,rs1978723,0.704788732600521,1,0.95136412753685,1
948,rs7790976,rs6086371,0.917983876749075,1,0.996540763892806,1
949,rs7790976,exm1609541,0.998879306140769,1,0.999999371781029,1
950,rs1333042,rs2383206,1,1,1,1
951,rs1333042,exm.rs2383207,1,1,1,1
952,rs1333042,rs10512215,0.00172022854537126,0.488127571123287,0.00678678429245279,0.237537450235848
953,rs1333042,exm.rs7025486,0.376158322505271,0.551211883631591,0.533572388152544,1
954,rs1333042,rs10453997,0.819927792964691,1,0.982715438417117,1
955,rs1333042,rs2199210,0.976331656860762,1,0.999717669474687,1
956,rs1333042,rs10834964,0.926095848916759,1,0.997199207303786,1
957,rs1333042,rs4754193,0.919182989357614,1,0.996642594576231,1
958,rs1333042,rs2244175,0.388419165132261,0.811812974184731,0.679256351084463,1
959,rs1333042,rs9515203,0.888960555006483,0.792643275998383,0.951308111987771,1
960,rs1333042,rs8008403,0.98034550771205,1,0.999805572310514,1
961,rs1333042,rs17826595,0.0030635892869699,0.596573590279973,0.0133505189992677,0.408859644352572
962,rs1333042,rs2461700,0.886962518860226,1,0.993355935719722,1
963,rs1333042,rs2713935,0.339037679487899,1,0.705755783246721,1
964,rs1333042,rs8082489,0.710600852855951,0.846573590279973,0.907298344663277,1
965,rs1333042,exm2272546,0.539855982285939,1,0.872651765283077,1
966,rs1333042,rs2812,0.964641084672629,1,0.999367373082786,1
967,rs1333042,rs9303470,0.233280448129172,1,0.572823315066144,1
968,rs1333042,exm.rs6504218,0.98309120566813,1,0.999856233633952,1
969,rs1333042,rs7407139,0.941439974346175,1,0.998250877660425,1
970,rs1333042,rs1978723,0.996686357328153,1,0.999994503953596,1
971,rs1333042,rs6086371,0.585398607690802,1,0.898857478580095,1
972,rs1333042,exm1609541,0.979514302467432,1,0.999788720336902,1
973,rs2383206,exm.rs2383207,1,1,1,1
974,rs2383206,rs10512215,0.175989131807531,0.446296560994629,0.278365795633986,1
975,rs2383206,exm.rs7025486,0.771126313251042,0.846573590279973,0.931215530981483,1
976,rs2383206,rs10453997,0.766333046786773,1,0.970283698153034,1
977,rs2383206,rs2199210,0.844639222864152,1,0.987252918135025,1
978,rs2383206,rs10834964,0.792598658590735,1,0.976828945585127,1
979,rs2383206,rs4754193,0.722280260390345,1,0.957268408899755,1
980,rs2383206,rs2244175,0.811796312559877,1,0.981060563238737,1
981,rs2383206,rs9515203,0.0473750056426433,0.878108510846327,0.173874922854794,1
982,rs2383206,rs8008403,0.712108142403578,1,0.953886996627618,1
983,rs2383206,rs17826595,0.721991453549629,1,0.957174392388257,1
984,rs2383206,rs2461700,0.740430823001029,1,0.962947359360671,1
985,rs2383206,rs2713935,0.718743521852174,1,0.956109065837871,1
986,rs2383206,rs8082489,0.225603388003773,0.846573590279973,0.50718028031714,1
987,rs2383206,exm2272546,0.857458331914056,1,0.989320578974387,1
988,rs2383206,rs2812,0.526176927995816,1,0.864044459225444,1
989,rs2383206,rs9303470,0.976795477249981,1,0.999728668681667,1
990,rs2383206,exm.rs6504218,0.944765383372826,1,0.998445681629473,1
991,rs2383206,rs7407139,0.219710551962768,0.551211883631591,0.376773863421125,1
992,rs2383206,rs1978723,0.902075774838264,1,0.995040779430072,1
993,rs2383206,rs6086371,0.839771116688575,1,0.986416904520838,1
994,rs2383206,exm1609541,0.938362539708749,1,0.998060131412568,1
995,exm.rs2383207,rs10512215,0.802788387495046,0.596573590279973,0.831513037450975,1
996,exm.rs2383207,exm.rs7025486,0.431814515575848,0.846573590279973,0.733434882841351,1
997,exm.rs2383207,rs10453997,0.110295200519407,1,0.353451432254375,1
998,exm.rs2383207,rs2199210,0.349624623657622,0.918752268278585,0.686004934291029,1
999,exm.rs2383207,rs10834964,0.734285336138415,1,0.961074920285319,1
1000,exm.rs2383207,rs4754193,0.719863689098775,1,0.95647814021355,1
1001,exm.rs2383207,rs2244175,0.758811220849329,1,0.968244821959268,1
1002,exm.rs2383207,rs9515203,0.874362449449054,0.596573590279973,0.861099589842826,1
1003,exm.rs2383207,rs8008403,0.993174289558646,1,0.999976651726358,1
1004,exm.rs2383207,rs17826595,8.71211239787244e-07,0.846573590279973,1.11516266494722e-05,0.000853796415350212
1005,exm.rs2383207,rs2461700,0.668643623974302,1,0.93777538792055,1
1006,exm.rs2383207,rs2713935,0.934119821821808,1,0.997780609385923,1
1007,exm.rs2383207,rs8082489,0.211087878950168,1,0.539431042754384,1
1008,exm.rs2383207,exm2272546,0.579742374737365,1,0.89580138282234,1
1009,exm.rs2383207,rs2812,0.923022886837906,1,0.996958173656722,1
1010,exm.rs2383207,rs9303470,0.458819379759227,1,0.816284956965099,1
1011,exm.rs2383207,exm.rs6504218,0.794863579357743,1,0.977352161983089,1
1012,exm.rs2383207,rs7407139,0.670398697372038,1,0.938479521421273,1
1013,exm.rs2383207,rs1978723,0.840901881614288,1,0.986613610513953,1
1014,exm.rs2383207,rs6086371,0.794863579357743,1,0.977352161983089,1
1015,exm.rs2383207,exm1609541,0.776025259135082,1,0.972802156565334,1
1016,rs10512215,exm.rs7025486,0.985273091374847,1,0.999891022921181,1
1017,rs10512215,rs10453997,0.833278618539522,1,0.985257983130938,1
1018,rs10512215,rs2199210,0.108246180638669,0.256978524837895,0.127460312975471,1
1019,rs10512215,rs10834964,0.965994800589142,1,0.999415155757943,1
1020,rs10512215,rs4754193,0.534178355234157,0.826858651425083,0.802615684306645,1
1021,rs10512215,rs2244175,0.487844662680255,0.846573590279973,0.778215925457792,1
1022,rs10512215,rs9515203,0.955536124249654,1,0.998996494979538,1
1023,rs10512215,rs8008403,0.952524061615688,1,0.99885474883793,1
1024,rs10512215,rs17826595,0.746634092249473,0.846573590279973,0.922040269438871,1
1025,rs10512215,rs2461700,0.88215639447653,1,0.992766386886391,1
1026,rs10512215,rs2713935,0.649855471140836,0.596573590279973,0.755042165734837,1
1027,rs10512215,rs8082489,0.047388011501609,0.94510174649097,0.183886557023053,1
1028,rs10512215,exm2272546,0.801418897602433,1,0.978830201881329,1
1029,rs10512215,rs2812,0.81548760908345,0.846573590279973,0.946171232866116,1
1030,rs10512215,rs9303470,0.297322542632206,1,0.657956220064646,1
1031,rs10512215,exm.rs6504218,0.675642492204593,1,0.940555971151412,1
1032,rs10512215,rs7407139,0.133140851622863,0.596573590279973,0.280612398133193,1
1033,rs10512215,rs1978723,0.343899693088258,1,0.710980039713514,1
1034,rs10512215,rs6086371,0.449308495316507,1,0.808775763651208,1
1035,rs10512215,exm1609541,0.304486736205766,1,0.666560321302685,1
1036,exm.rs7025486,rs10453997,0.979847199178032,1,0.999795554284709,1
1037,exm.rs7025486,rs2199210,0.711042863467477,1,0.95352453692621,1
1038,exm.rs7025486,rs10834964,0.728136865098335,1,0.959150126624825,1
1039,exm.rs7025486,rs4754193,0.936042630972564,1,0.997909671730433,1
1040,exm.rs7025486,rs2244175,0.301151700833079,0.846573590279973,0.603383066279147,1
1041,exm.rs7025486,rs9515203,0.0539962296009019,0.846573590279973,0.18675087863374,1
1042,exm.rs7025486,rs8008403,0.99170355577882,1,0.999965489302858,1
1043,exm.rs7025486,rs17826595,0.923037248776905,1,0.996959318993602,1
1044,exm.rs7025486,rs2461700,0.916220833737446,1,0.996388191648848,1
1045,exm.rs7025486,rs2713935,0.970680817308354,1,0.999565929032827,1
1046,exm.rs7025486,rs8082489,0.997206691915096,1,0.999996095100008,1
1047,exm.rs7025486,exm2272546,0.872690102054766,1,0.991528472760134,1
1048,exm.rs7025486,rs2812,0.992427149505871,1,0.999971252934663,1
1049,exm.rs7025486,rs9303470,0.791159321475833,1,0.976493066180645,1
1050,exm.rs7025486,exm.rs6504218,0.656540460273872,1,0.932793634680081,1
1051,exm.rs7025486,rs7407139,0.078140942795158,1,0.27734104050856,1
1052,exm.rs7025486,rs1978723,0.338931898145322,0.846573590279973,0.645167974625149,1
1053,exm.rs7025486,rs6086371,0.79577552557548,1,0.977560997433317,1
1054,exm.rs7025486,exm1609541,0.00288827267357699,1,0.0197762840456201,0.526651042519231
1055,rs10453997,rs2199210,0.897836657486684,1,0.994593935676845,1
1056,rs10453997,rs10834964,0.684532096156129,1,0.94398327843291,1
1057,rs10453997,rs4754193,1.4789590117184e-12,0.235786795139986,1.03515527041481e-11,2.53613041251628e-09
1058,rs10453997,rs2244175,0.0576262380695446,1,0.222078693260107,1
1059,rs10453997,rs9515203,0.301082870758116,1,0.662493671340976,1
1060,rs10453997,rs8008403,0.895206361146444,1,0.994306619309557,1
1061,rs10453997,rs17826595,0.630372347223384,1,0.921254245363317,1
1062,rs10453997,rs2461700,0.616059869545382,1,0.914486141452192,1
1063,rs10453997,rs2713935,0.916502280691242,1,0.99641277906673,1
1064,rs10453997,rs8082489,0.82584303945441,1,0.983868550389912,1
1065,rs10453997,exm2272546,0.892495389872386,1,0.994002399891371,1
1066,rs10453997,rs2812,0.0907222337613998,1,0.308451305188606,1
1067,rs10453997,rs9303470,0.984354378026266,1,0.999876964258809,1
1068,rs10453997,exm.rs6504218,0.884074967243997,1,0.993004867433287,1
1069,rs10453997,rs7407139,0.951284551895217,1,0.998793652900534,1
1070,rs10453997,rs1978723,0.147219433655377,1,0.429266932704849,1
1071,rs10453997,rs6086371,0.749638679320498,1,0.965657527766954,1
1072,rs10453997,exm1609541,0.729169461628577,1,0.959477003862158,1
1073,rs2199210,rs10834964,0.917935371950115,1,0.996536612203387,1
1074,rs2199210,rs4754193,0.908460581287911,1,0.995676233662283,1
1075,rs2199210,rs2244175,0.162838491315994,0.918752268278585,0.433824272333973,1
1076,rs2199210,rs9515203,0.428963785308424,1,0.792031358935221,1
1077,rs2199210,rs8008403,0.90152686086644,1,0.994984044559922,1
1078,rs2199210,rs17826595,0.00243198375792491,1,0.0170702121730702,0.464689109155799
1079,rs2199210,rs2461700,0.637520425052594,1,0.924512322516885,1
1080,rs2199210,rs2713935,0.453529803268698,1,0.812133227944326,1
1081,rs2199210,rs8082489,0.811615898541409,1,0.981022928740558,1
1082,rs2199210,exm2272546,0.80667032902125,1,0.979975544384012,1
1083,rs2199210,rs2812,0.608313602023702,1,0.910684841736326,1
1084,rs2199210,rs9303470,0.611852272562709,1,0.912433531918562,1
1085,rs2199210,exm.rs6504218,0.891708370440911,1,0.993912544207542,1
1086,rs2199210,rs7407139,0.248093511168525,1,0.593923332046183,1
1087,rs2199210,rs1978723,0.983044004821424,1,0.999855427581039,1
1088,rs2199210,rs6086371,0.690466082943475,1,0.946206735550042,1
1089,rs2199210,exm1609541,0.0669063257552029,0.742810969879397,0.19888325763625,1
1090,rs10834964,rs4754193,0.918604149263303,1,0.996593628312611,1
1091,rs10834964,rs2244175,0.394726695403344,1,0.761649503454027,1
1092,rs10834964,rs9515203,0.999220724658388,1,0.999999696266845,1
1093,rs10834964,rs8008403,0.68869175877847,0.918752268278585,0.922341064033277,1
1094,rs10834964,rs17826595,0.669859322416567,1,0.93826360765192,1
1095,rs10834964,rs2461700,0.290946077827958,1,0.650153174559383,1
1096,rs10834964,rs2713935,0.803896094807567,1,0.979374758758602,1
1097,rs10834964,rs8082489,0.506771191174541,1,0.85122138489857,1
1098,rs10834964,exm2272546,0.562258253424856,1,0.886003214059089,1
1099,rs10834964,rs2812,1,1,1,1
1100,rs10834964,rs9303470,1,1,1,1
1101,rs10834964,exm.rs6504218,0.780574199807571,1,0.973942315467413,1
1102,rs10834964,rs7407139,0.960956547251067,1,0.999227684629001,1
1103,rs10834964,rs1978723,0.829886971256795,1,0.984632486964086,1
1104,rs10834964,rs6086371,0.290268686765781,0.846573590279973,0.590622793277901,1
1105,rs10834964,exm1609541,0.76116688924814,1,0.968891347720658,1
1106,rs4754193,rs2244175,7.81414855584139e-06,0.851928082902803,8.60084939711662e-05,0.00619767088909874
1107,rs4754193,rs9515203,0.637077688803915,0.846573590279973,0.872329203217485,1
1108,rs4754193,rs8008403,0.997057635071549,0.846573590279973,0.987158760622755,1
1109,rs4754193,rs17826595,0.961691862144716,1,0.999256691448299,1
1110,rs4754193,rs2461700,0.458230749714674,0.596573590279973,0.62790934450773,1
1111,rs4754193,rs2713935,0.422833043798981,0.846573590279973,0.725703720048545,1
1112,rs4754193,rs8082489,0.964350282275161,1,0.999356860689335,1
1113,rs4754193,exm2272546,0.216582652118206,1,0.547907193208504,1
1114,rs4754193,rs2812,0.957344065628797,1,0.999077018354848,1
1115,rs4754193,rs9303470,0.998063456800043,1,0.999998123772379,1
1116,rs4754193,exm.rs6504218,0.982278140757423,1,0.999842031181701,1
1117,rs4754193,rs7407139,0.912056099691179,1,0.996014309426218,1
1118,rs4754193,rs1978723,0.988727014129494,1,0.999936219617406,1
1119,rs4754193,rs6086371,0.999535404779324,1,0.999999892056702,1
1120,rs4754193,exm1609541,0.331081785943947,1,0.697056246085214,1
1121,rs2244175,rs9515203,0.88369878256138,1,0.992958434506909,1
1122,rs2244175,rs8008403,0.926639238736703,1,0.997240768855644,1
1123,rs2244175,rs17826595,0.375275116466412,0.846573590279973,0.681987680076026,1
1124,rs2244175,rs2461700,0.67854275631439,1,0.941686937121681,1
1125,rs2244175,rs2713935,0.461355556557673,1,0.818253910108697,1
1126,rs2244175,rs8082489,0.362585281779129,1,0.730426463201626,1
1127,rs2244175,exm2272546,0.983801712913363,1,0.999868093380083,1
1128,rs2244175,rs2812,0.683167940007451,1,0.943464859446864,1
1129,rs2244175,rs9303470,0.827752278203898,1,0.984231690687961,1
1130,rs2244175,exm.rs6504218,0.649023817255321,1,0.929587631759046,1
1131,rs2244175,rs7407139,0.911275577678109,1,0.995942127397607,1
1132,rs2244175,rs1978723,0.947958528381398,1,0.998621719296698,1
1133,rs2244175,rs6086371,0.649023817255321,1,0.929587631759046,1
1134,rs2244175,exm1609541,0.17607566114978,1,0.481891241132868,1
1135,rs9515203,rs8008403,0.781294136693134,1,0.974120321168786,1
1136,rs9515203,rs17826595,0.97203554941897,1,0.999605296768167,1
1137,rs9515203,rs2461700,0.982349348897086,1,0.999843301715211,1
1138,rs9515203,rs2713935,0.948845406955371,0.846573590279973,0.979237289385981,1
1139,rs9515203,rs8082489,0.942805316184274,1,0.998332276708103,1
1140,rs9515203,exm2272546,0.0518928245361981,0.918752268278585,0.192771631555026,1
1141,rs9515203,rs2812,0.272198725309197,0.256978524837895,0.256013147944278,1
1142,rs9515203,rs9303470,0.220540476932175,0.918752268278585,0.526090551202495,1
1143,rs9515203,exm.rs6504218,0.0150683333353408,0.359994401641795,0.0337232672309802,0.810019654077466
1144,rs9515203,rs7407139,0.801819742140998,1,0.978918827371519,1
1145,rs9515203,rs1978723,0.963540442613591,1,0.999327120589332,1
1146,rs9515203,rs6086371,0.00844459800751796,0.826858651425083,0.0416460066911679,0.911006396369298
1147,rs9515203,exm1609541,0.838477424757377,1,0.986189993952936,1
1148,rs8008403,rs17826595,0.902955843363969,1,0.995131040257095,1
1149,rs8008403,rs2461700,0.604715682557933,1,0.908885791491119,1
1150,rs8008403,rs2713935,0.0911690826876263,1,0.309522625451566,1
1151,rs8008403,rs8082489,0.8992077580476,1,0.994740648733174,1
1152,rs8008403,exm2272546,0.33511766144044,1,0.701492989256228,1
1153,rs8008403,rs2812,0.0309118124723975,0.94510174649097,0.132433041017175,1
1154,rs8008403,rs9303470,0.863094095825012,1,0.990168786975845,1
1155,rs8008403,exm.rs6504218,0.14416333799084,1,0.423380018401334,1
1156,rs8008403,rs7407139,0.719883189156304,0.918752268278585,0.934818083923603,1
1157,rs8008403,rs1978723,0.460307598054366,1,0.817442000602713,1
1158,rs8008403,rs6086371,0.873379101402076,1,0.991622025260355,1
1159,rs8008403,exm1609541,0.601878948705743,1,0.907452225702455,1
1160,rs17826595,rs2461700,0.0812543808191895,0.846573590279973,0.252914123199017,1
1161,rs17826595,rs2713935,0.239463707718504,1,0.581741963201762,1
1162,rs17826595,rs8082489,0.052395959036775,1,0.206907757728687,1
1163,rs17826595,exm2272546,0.944937762112165,1,0.99845546143362,1
1164,rs17826595,rs2812,0.469780797917041,1,0.824695062536679,1
1165,rs17826595,rs9303470,0.880609581715973,1,0.992571083057436,1
1166,rs17826595,exm.rs6504218,0.2867036077632,1,0.64488422790227,1
1167,rs17826595,rs7407139,0.948586928632128,1,0.998655095617855,1
1168,rs17826595,rs1978723,0.431054619392319,1,0.793795888884822,1
1169,rs17826595,rs6086371,0.947184709082994,1,0.998580047995892,1
1170,rs17826595,exm1609541,0.0209617281211006,1,0.101980008853136,1
1171,rs2461700,rs2713935,0.554559263050103,1,0.881517223185954,1
1172,rs2461700,rs8082489,0.430076967189443,1,0.792972109028286,1
1173,rs2461700,exm2272546,0.973659857827072,1,0.999650013010018,1
1174,rs2461700,rs2812,0.00622583306863465,0.359994401641795,0.0159145838010367,0.443076480824317
1175,rs2461700,rs9303470,0.0207331371106326,0.596573590279973,0.0666999123339167,1
1176,rs2461700,exm.rs6504218,0.0117618363399351,0.918752268278585,0.0597328096637703,1
1177,rs2461700,rs7407139,0.722976255091081,1,0.957494511693303,1
1178,rs2461700,rs1978723,8.6368404665131e-08,0.742810969879397,1.12669432953492e-06,0.000138020055368027
1179,rs2461700,rs6086371,0.364460619567844,1,0.732324105444554,1
1180,rs2461700,exm1609541,1,1,1,1
1181,rs2713935,rs8082489,0.783597234301442,1,0.974685343402186,1
1182,rs2713935,exm2272546,0.465542926463772,1,0.821474202560134,1
1183,rs2713935,rs2812,0.722762044517226,1,0.957424965544585,1
1184,rs2713935,rs9303470,0.340224531471375,1,0.707037403533727,1
1185,rs2713935,exm.rs6504218,0.991085835927469,1,0.99996014993203,1
1186,rs2713935,rs7407139,0.834980722532371,1,0.985566687231976,1
1187,rs2713935,rs1978723,0.908282455146272,1,0.995659117933548,1
1188,rs2713935,rs6086371,0.00122178065290998,1,0.00941681065210966,0.295784437149598
1189,rs2713935,exm1609541,0.835554536218572,1,0.985669973037205,1
1190,rs8082489,exm2272546,0.895519698345548,1,0.994341247107112,1
1191,rs8082489,rs2812,0.174420405446227,0.846573590279973,0.430109823586111,1
1192,rs8082489,rs9303470,0.789306742036748,1,0.976056912880498,1
1193,rs8082489,exm.rs6504218,0.586252788314016,1,0.89931424756209,1
1194,rs8082489,rs7407139,0.763855327106666,0.846573590279973,0.928561364144326,1
1195,rs8082489,rs1978723,0.274426028353891,1,0.629279025477206,1
1196,rs8082489,rs6086371,0.586252788314016,0.846573590279973,0.843999521710705,1
1197,rs8082489,exm1609541,0.875873602730289,1,0.991956185614996,1
1198,exm2272546,rs2812,1,1,1,1
1199,exm2272546,rs9303470,1,1,1,1
1200,exm2272546,exm.rs6504218,0.987182566113735,1,0.999917503909344,1
1201,exm2272546,rs7407139,0.626749734138739,1,0.919572186750901,1
1202,exm2272546,rs1978723,0.882927046358294,1,0.992862672794572,1
1203,exm2272546,rs6086371,0.63288144658735,0.846573590279973,0.870124101136188,1
1204,exm2272546,exm1609541,0.610175478482581,1,0.911607480067809,1
1205,rs2812,rs9303470,1,1,1,1
1206,rs2812,exm.rs6504218,0.997757715979239,1,0.999997484164232,1
1207,rs2812,rs7407139,0.872347683283389,1,0.99148177934012,1
1208,rs2812,rs1978723,0.0169368270634694,1,0.0860097065679236,1
1209,rs2812,rs6086371,0.857443454209597,1,0.989318302862243,1
1210,rs2812,exm1609541,0.245309670611884,0.846573590279973,0.534091008876453,1
1211,rs9303470,exm.rs6504218,0.991507201980356,1,0.999963833644038,1
1212,rs9303470,rs7407139,0.37924013595616,1,0.746945902570905,1
1213,rs9303470,rs1978723,0.220884854198392,1,0.554446175535885,1
1214,rs9303470,rs6086371,1,1,1,1
1215,rs9303470,exm1609541,0.319321519321448,1,0.683845144634187,1
1216,exm.rs6504218,rs7407139,0.19674811517485,1,0.516627269744132,1
1217,exm.rs6504218,rs1978723,0.23209897425688,1,0.571100774150255,1
1218,exm.rs6504218,rs6086371,0.695338768215169,1,0.947994373814259,1
1219,exm.rs6504218,exm1609541,0.0138888264138943,0.596573590279973,0.0480009612633108,1
1220,rs7407139,rs1978723,0.944450285172947,1,0.998427725524956,1
1221,rs7407139,rs6086371,0.731356222748473,1,0.960164395444799,1
1222,rs7407139,exm1609541,0.0555758270999083,0.742810969879397,0.172862375311897,1
1223,rs1978723,rs6086371,0.129278204351318,1,0.393754068767622,1
1224,rs1978723,exm1609541,0.991922402486768,1,0.999967287991922,1
1225,rs6086371,exm1609541,0.214118436632811,1,0.544123276404748,1
