,v1,v2,v1_c,v2_c,v12_c,var1_prob,var2_prob,v12_prob
1,sex,rs2842180,1014,332,20,0.1014,0.0332,0.00336648
2,sex,rs3747945,1014,329,40,0.1014,0.0329,0.00333606
3,sex,rs6693848,1014,237,13,0.1014,0.0237,0.00240318
4,sex,rs12759054,1014,167,8,0.1014,0.0167,0.00169338
5,sex,rs622815,1014,269,32,0.1014,0.0269,0.00272766
6,sex,rs4305308,1014,514,29,0.1014,0.0514,0.00521196
7,sex,exm2269246,1014,278,26,0.1014,0.0278,0.00281892
8,sex,rs10185087,1014,256,15,0.1014,0.0256,0.00259584
9,sex,rs10184636,1014,574,31,0.1014,0.0574,0.00582036
10,sex,rs6731912,1014,272,57,0.1014,0.0272,0.00275808
11,sex,rs1177498,1014,272,44,0.1014,0.0272,0.00275808
12,sex,rs9818420,1014,290,29,0.1014,0.029,0.0029406
13,sex,rs1471695,1014,501,79,0.1014,0.0501,0.00508014
14,sex,rs11719850,1014,283,44,0.1014,0.0283,0.00286962
15,sex,exm2265552,1014,286,20,0.1014,0.0286,0.00290004
16,sex,rs188721,1014,311,35,0.1014,0.0311,0.00315354
17,sex,rs1425486,1014,411,35,0.1014,0.0411,0.00416754
18,sex,rs9312547,1014,248,73,0.1014,0.0248,0.00251472
19,sex,rs17222326,1014,240,18,0.1014,0.024,0.0024336
20,sex,rs246210,1014,202,17,0.1014,0.0202,0.00204828
21,sex,rs953741,1014,261,38,0.1014,0.0261,0.00264654
22,sex,rs927629,1014,263,24,0.1014,0.0263,0.00266682
23,sex,rs13205533,1014,707,32,0.1014,0.0707,0.00716898
24,sex,rs6464448,1014,174,6,0.1014,0.0174,0.00176436
25,sex,rs7790976,1014,289,27,0.1014,0.0289,0.00293046
26,sex,rs1333042,1014,385,44,0.1014,0.0385,0.0039039
27,sex,rs2383206,1014,191,20,0.1014,0.0191,0.00193674
28,sex,exm-rs2383207,1014,226,26,0.1014,0.0226,0.00229164
29,sex,rs10512215,1014,505,64,0.1014,0.0505,0.0051207
30,sex,exm-rs7025486,1014,276,30,0.1014,0.0276,0.00279864
31,sex,rs10453997,1014,211,24,0.1014,0.0211,0.00213954
32,sex,rs2199210,1014,377,24,0.1014,0.0377,0.00382278
33,sex,rs10834964,1014,221,12,0.1014,0.0221,0.00224094
34,sex,rs4754193,1014,317,10,0.1014,0.0317,0.00321438
35,sex,rs2244175,1014,229,35,0.1014,0.0229,0.00232206
36,sex,rs9515203,1014,605,28,0.1014,0.0605,0.0061347
37,sex,rs8008403,1014,313,11,0.1014,0.0313,0.00317382
38,sex,rs17826595,1014,257,25,0.1014,0.0257,0.00260598
39,sex,rs2461700,1014,202,13,0.1014,0.0202,0.00204828
40,sex,rs2713935,1014,195,11,0.1014,0.0195,0.0019773
41,sex,rs8082489,1014,213,59,0.1014,0.0213,0.00215982
42,sex,exm2272546,1014,180,8,0.1014,0.018,0.0018252
43,sex,rs2812,1014,252,14,0.1014,0.0252,0.00255528
44,sex,rs9303470,1014,197,10,0.1014,0.0197,0.00199758
45,sex,exm-rs6504218,1014,242,12,0.1014,0.0242,0.00245388
46,sex,rs7407139,1014,300,41,0.1014,0.03,0.003042
47,sex,rs1978723,1014,205,19,0.1014,0.0205,0.0020787
48,sex,rs6086371,1014,242,29,0.1014,0.0242,0.00245388
49,sex,exm1609541,1014,235,17,0.1014,0.0235,0.0023829
50,rs2842180,rs3747945,332,329,5,0.0332,0.0329,0.00109228
51,rs2842180,rs6693848,332,237,7,0.0332,0.0237,0.00078684
52,rs2842180,rs12759054,332,167,3,0.0332,0.0167,0.00055444
53,rs2842180,rs622815,332,269,13,0.0332,0.0269,0.00089308
54,rs2842180,rs4305308,332,514,14,0.0332,0.0514,0.00170648
55,rs2842180,exm2269246,332,278,5,0.0332,0.0278,0.00092296
56,rs2842180,rs10185087,332,256,3,0.0332,0.0256,0.00084992
57,rs2842180,rs10184636,332,574,19,0.0332,0.0574,0.00190568
58,rs2842180,rs6731912,332,272,8,0.0332,0.0272,0.00090304
59,rs2842180,rs1177498,332,272,7,0.0332,0.0272,0.00090304
60,rs2842180,rs9818420,332,290,4,0.0332,0.029,0.0009628
61,rs2842180,rs1471695,332,501,12,0.0332,0.0501,0.00166332
62,rs2842180,rs11719850,332,283,5,0.0332,0.0283,0.00093956
63,rs2842180,exm2265552,332,286,3,0.0332,0.0286,0.00094952
64,rs2842180,rs188721,332,311,12,0.0332,0.0311,0.00103252
65,rs2842180,rs1425486,332,411,3,0.0332,0.0411,0.00136452
66,rs2842180,rs9312547,332,248,9,0.0332,0.0248,0.00082336
67,rs2842180,rs17222326,332,240,11,0.0332,0.024,0.0007968
68,rs2842180,rs246210,332,202,8,0.0332,0.0202,0.00067064
69,rs2842180,rs953741,332,261,4,0.0332,0.0261,0.00086652
70,rs2842180,rs927629,332,263,3,0.0332,0.0263,0.00087316
71,rs2842180,rs13205533,332,707,21,0.0332,0.0707,0.00234724
72,rs2842180,rs6464448,332,174,5,0.0332,0.0174,0.00057768
73,rs2842180,rs7790976,332,289,18,0.0332,0.0289,0.00095948
74,rs2842180,rs1333042,332,385,17,0.0332,0.0385,0.0012782
75,rs2842180,rs2383206,332,191,10,0.0332,0.0191,0.00063412
76,rs2842180,exm-rs2383207,332,226,12,0.0332,0.0226,0.00075032
77,rs2842180,rs10512215,332,505,12,0.0332,0.0505,0.0016766
78,rs2842180,exm-rs7025486,332,276,12,0.0332,0.0276,0.00091632
79,rs2842180,rs10453997,332,211,6,0.0332,0.0211,0.00070052
80,rs2842180,rs2199210,332,377,9,0.0332,0.0377,0.00125164
81,rs2842180,rs10834964,332,221,10,0.0332,0.0221,0.00073372
82,rs2842180,rs4754193,332,317,4,0.0332,0.0317,0.00105244
83,rs2842180,rs2244175,332,229,4,0.0332,0.0229,0.00076028
84,rs2842180,rs9515203,332,605,61,0.0332,0.0605,0.0020086
85,rs2842180,rs8008403,332,313,9,0.0332,0.0313,0.00103916
86,rs2842180,rs17826595,332,257,4,0.0332,0.0257,0.00085324
87,rs2842180,rs2461700,332,202,3,0.0332,0.0202,0.00067064
88,rs2842180,rs2713935,332,195,5,0.0332,0.0195,0.0006474
89,rs2842180,rs8082489,332,213,4,0.0332,0.0213,0.00070716
90,rs2842180,exm2272546,332,180,10,0.0332,0.018,0.0005976
91,rs2842180,rs2812,332,252,11,0.0332,0.0252,0.00083664
92,rs2842180,rs9303470,332,197,8,0.0332,0.0197,0.00065404
93,rs2842180,exm-rs6504218,332,242,10,0.0332,0.0242,0.00080344
94,rs2842180,rs7407139,332,300,9,0.0332,0.03,0.000996
95,rs2842180,rs1978723,332,205,4,0.0332,0.0205,0.0006806
96,rs2842180,rs6086371,332,242,3,0.0332,0.0242,0.00080344
97,rs2842180,exm1609541,332,235,3,0.0332,0.0235,0.0007802
98,rs3747945,rs6693848,329,237,5,0.0329,0.0237,0.00077973
99,rs3747945,rs12759054,329,167,3,0.0329,0.0167,0.00054943
100,rs3747945,rs622815,329,269,5,0.0329,0.0269,0.00088501
101,rs3747945,rs4305308,329,514,15,0.0329,0.0514,0.00169106
102,rs3747945,exm2269246,329,278,3,0.0329,0.0278,0.00091462
103,rs3747945,rs10185087,329,256,9,0.0329,0.0256,0.00084224
104,rs3747945,rs10184636,329,574,24,0.0329,0.0574,0.00188846
105,rs3747945,rs6731912,329,272,2,0.0329,0.0272,0.00089488
106,rs3747945,rs1177498,329,272,4,0.0329,0.0272,0.00089488
107,rs3747945,rs9818420,329,290,10,0.0329,0.029,0.0009541
108,rs3747945,rs1471695,329,501,21,0.0329,0.0501,0.00164829
109,rs3747945,rs11719850,329,283,15,0.0329,0.0283,0.00093107
110,rs3747945,exm2265552,329,286,8,0.0329,0.0286,0.00094094
111,rs3747945,rs188721,329,311,8,0.0329,0.0311,0.00102319
112,rs3747945,rs1425486,329,411,5,0.0329,0.0411,0.00135219
113,rs3747945,rs9312547,329,248,6,0.0329,0.0248,0.00081592
114,rs3747945,rs17222326,329,240,7,0.0329,0.024,0.0007896
115,rs3747945,rs246210,329,202,10,0.0329,0.0202,0.00066458
116,rs3747945,rs953741,329,261,2,0.0329,0.0261,0.00085869
117,rs3747945,rs927629,329,263,15,0.0329,0.0263,0.00086527
118,rs3747945,rs13205533,329,707,17,0.0329,0.0707,0.00232603
119,rs3747945,rs6464448,329,174,3,0.0329,0.0174,0.00057246
120,rs3747945,rs7790976,329,289,1,0.0329,0.0289,0.00095081
121,rs3747945,rs1333042,329,385,10,0.0329,0.0385,0.00126665
122,rs3747945,rs2383206,329,191,4,0.0329,0.0191,0.00062839
123,rs3747945,exm-rs2383207,329,226,4,0.0329,0.0226,0.00074354
124,rs3747945,rs10512215,329,505,12,0.0329,0.0505,0.00166145
125,rs3747945,exm-rs7025486,329,276,5,0.0329,0.0276,0.00090804
126,rs3747945,rs10453997,329,211,5,0.0329,0.0211,0.00069419
127,rs3747945,rs2199210,329,377,15,0.0329,0.0377,0.00124033
128,rs3747945,rs10834964,329,221,16,0.0329,0.0221,0.00072709
129,rs3747945,rs4754193,329,317,7,0.0329,0.0317,0.00104293
130,rs3747945,rs2244175,329,229,5,0.0329,0.0229,0.00075341
131,rs3747945,rs9515203,329,605,19,0.0329,0.0605,0.00199045
132,rs3747945,rs8008403,329,313,29,0.0329,0.0313,0.00102977
133,rs3747945,rs17826595,329,257,15,0.0329,0.0257,0.00084553
134,rs3747945,rs2461700,329,202,1,0.0329,0.0202,0.00066458
135,rs3747945,rs2713935,329,195,2,0.0329,0.0195,0.00064155
136,rs3747945,rs8082489,329,213,7,0.0329,0.0213,0.00070077
137,rs3747945,exm2272546,329,180,5,0.0329,0.018,0.0005922
138,rs3747945,rs2812,329,252,6,0.0329,0.0252,0.00082908
139,rs3747945,rs9303470,329,197,5,0.0329,0.0197,0.00064813
140,rs3747945,exm-rs6504218,329,242,2,0.0329,0.0242,0.00079618
141,rs3747945,rs7407139,329,300,11,0.0329,0.03,0.000987
142,rs3747945,rs1978723,329,205,7,0.0329,0.0205,0.00067445
143,rs3747945,rs6086371,329,242,4,0.0329,0.0242,0.00079618
144,rs3747945,exm1609541,329,235,17,0.0329,0.0235,0.00077315
145,rs6693848,rs12759054,237,167,4,0.0237,0.0167,0.00039579
146,rs6693848,rs622815,237,269,9,0.0237,0.0269,0.00063753
147,rs6693848,rs4305308,237,514,8,0.0237,0.0514,0.00121818
148,rs6693848,exm2269246,237,278,7,0.0237,0.0278,0.00065886
149,rs6693848,rs10185087,237,256,2,0.0237,0.0256,0.00060672
150,rs6693848,rs10184636,237,574,12,0.0237,0.0574,0.00136038
151,rs6693848,rs6731912,237,272,3,0.0237,0.0272,0.00064464
152,rs6693848,rs1177498,237,272,6,0.0237,0.0272,0.00064464
153,rs6693848,rs9818420,237,290,4,0.0237,0.029,0.0006873
154,rs6693848,rs1471695,237,501,11,0.0237,0.0501,0.00118737
155,rs6693848,rs11719850,237,283,6,0.0237,0.0283,0.00067071
156,rs6693848,exm2265552,237,286,8,0.0237,0.0286,0.00067782
157,rs6693848,rs188721,237,311,1,0.0237,0.0311,0.00073707
158,rs6693848,rs1425486,237,411,5,0.0237,0.0411,0.00097407
159,rs6693848,rs9312547,237,248,7,0.0237,0.0248,0.00058776
160,rs6693848,rs17222326,237,240,6,0.0237,0.024,0.0005688
161,rs6693848,rs246210,237,202,4,0.0237,0.0202,0.00047874
162,rs6693848,rs953741,237,261,6,0.0237,0.0261,0.00061857
163,rs6693848,rs927629,237,263,6,0.0237,0.0263,0.00062331
164,rs6693848,rs13205533,237,707,16,0.0237,0.0707,0.00167559
165,rs6693848,rs6464448,237,174,3,0.0237,0.0174,0.00041238
166,rs6693848,rs7790976,237,289,11,0.0237,0.0289,0.00068493
167,rs6693848,rs1333042,237,385,7,0.0237,0.0385,0.00091245
168,rs6693848,rs2383206,237,191,1,0.0237,0.0191,0.00045267
169,rs6693848,exm-rs2383207,237,226,3,0.0237,0.0226,0.00053562
170,rs6693848,rs10512215,237,505,16,0.0237,0.0505,0.00119685
171,rs6693848,exm-rs7025486,237,276,8,0.0237,0.0276,0.00065412
172,rs6693848,rs10453997,237,211,5,0.0237,0.0211,0.00050007
173,rs6693848,rs2199210,237,377,6,0.0237,0.0377,0.00089349
174,rs6693848,rs10834964,237,221,5,0.0237,0.0221,0.00052377
175,rs6693848,rs4754193,237,317,6,0.0237,0.0317,0.00075129
176,rs6693848,rs2244175,237,229,7,0.0237,0.0229,0.00054273
177,rs6693848,rs9515203,237,605,9,0.0237,0.0605,0.00143385
178,rs6693848,rs8008403,237,313,10,0.0237,0.0313,0.00074181
179,rs6693848,rs17826595,237,257,4,0.0237,0.0257,0.00060909
180,rs6693848,rs2461700,237,202,4,0.0237,0.0202,0.00047874
181,rs6693848,rs2713935,237,195,6,0.0237,0.0195,0.00046215
182,rs6693848,rs8082489,237,213,5,0.0237,0.0213,0.00050481
183,rs6693848,exm2272546,237,180,12,0.0237,0.018,0.0004266
184,rs6693848,rs2812,237,252,21,0.0237,0.0252,0.00059724
185,rs6693848,rs9303470,237,197,20,0.0237,0.0197,0.00046689
186,rs6693848,exm-rs6504218,237,242,17,0.0237,0.0242,0.00057354
187,rs6693848,rs7407139,237,300,4,0.0237,0.03,0.000711
188,rs6693848,rs1978723,237,205,3,0.0237,0.0205,0.00048585
189,rs6693848,rs6086371,237,242,4,0.0237,0.0242,0.00057354
190,rs6693848,exm1609541,237,235,11,0.0237,0.0235,0.00055695
191,rs12759054,rs622815,167,269,6,0.0167,0.0269,0.00044923
192,rs12759054,rs4305308,167,514,8,0.0167,0.0514,0.00085838
193,rs12759054,exm2269246,167,278,3,0.0167,0.0278,0.00046426
194,rs12759054,rs10185087,167,256,1,0.0167,0.0256,0.00042752
195,rs12759054,rs10184636,167,574,8,0.0167,0.0574,0.00095858
196,rs12759054,rs6731912,167,272,2,0.0167,0.0272,0.00045424
197,rs12759054,rs1177498,167,272,4,0.0167,0.0272,0.00045424
198,rs12759054,rs9818420,167,290,3,0.0167,0.029,0.0004843
199,rs12759054,rs1471695,167,501,11,0.0167,0.0501,0.00083667
200,rs12759054,rs11719850,167,283,5,0.0167,0.0283,0.00047261
201,rs12759054,exm2265552,167,286,3,0.0167,0.0286,0.00047762
202,rs12759054,rs188721,167,311,6,0.0167,0.0311,0.00051937
203,rs12759054,rs1425486,167,411,6,0.0167,0.0411,0.00068637
204,rs12759054,rs9312547,167,248,4,0.0167,0.0248,0.00041416
205,rs12759054,rs17222326,167,240,1,0.0167,0.024,0.0004008
206,rs12759054,rs246210,167,202,2,0.0167,0.0202,0.00033734
207,rs12759054,rs953741,167,261,3,0.0167,0.0261,0.00043587
208,rs12759054,rs927629,167,263,2,0.0167,0.0263,0.00043921
209,rs12759054,rs13205533,167,707,15,0.0167,0.0707,0.00118069
210,rs12759054,rs6464448,167,174,5,0.0167,0.0174,0.00029058
211,rs12759054,rs7790976,167,289,1,0.0167,0.0289,0.00048263
212,rs12759054,rs1333042,167,385,4,0.0167,0.0385,0.00064295
213,rs12759054,rs2383206,167,191,3,0.0167,0.0191,0.00031897
214,rs12759054,exm-rs2383207,167,226,4,0.0167,0.0226,0.00037742
215,rs12759054,rs10512215,167,505,8,0.0167,0.0505,0.00084335
216,rs12759054,exm-rs7025486,167,276,5,0.0167,0.0276,0.00046092
217,rs12759054,rs10453997,167,211,1,0.0167,0.0211,0.00035237
218,rs12759054,rs2199210,167,377,5,0.0167,0.0377,0.00062959
219,rs12759054,rs10834964,167,221,4,0.0167,0.0221,0.00036907
220,rs12759054,rs4754193,167,317,0,0.0167,0.0317,0.00052939
221,rs12759054,rs2244175,167,229,3,0.0167,0.0229,0.00038243
222,rs12759054,rs9515203,167,605,10,0.0167,0.0605,0.00101035
223,rs12759054,rs8008403,167,313,6,0.0167,0.0313,0.00052271
224,rs12759054,rs17826595,167,257,1,0.0167,0.0257,0.00042919
225,rs12759054,rs2461700,167,202,0,0.0167,0.0202,0.00033734
226,rs12759054,rs2713935,167,195,2,0.0167,0.0195,0.00032565
227,rs12759054,rs8082489,167,213,2,0.0167,0.0213,0.00035571
228,rs12759054,exm2272546,167,180,0,0.0167,0.018,0.0003006
229,rs12759054,rs2812,167,252,1,0.0167,0.0252,0.00042084
230,rs12759054,rs9303470,167,197,1,0.0167,0.0197,0.00032899
231,rs12759054,exm-rs6504218,167,242,1,0.0167,0.0242,0.00040414
232,rs12759054,rs7407139,167,300,3,0.0167,0.03,0.000501
233,rs12759054,rs1978723,167,205,2,0.0167,0.0205,0.00034235
234,rs12759054,rs6086371,167,242,5,0.0167,0.0242,0.00040414
235,rs12759054,exm1609541,167,235,6,0.0167,0.0235,0.00039245
236,rs622815,rs4305308,269,514,12,0.0269,0.0514,0.00138266
237,rs622815,exm2269246,269,278,8,0.0269,0.0278,0.00074782
238,rs622815,rs10185087,269,256,3,0.0269,0.0256,0.00068864
239,rs622815,rs10184636,269,574,14,0.0269,0.0574,0.00154406
240,rs622815,rs6731912,269,272,7,0.0269,0.0272,0.00073168
241,rs622815,rs1177498,269,272,5,0.0269,0.0272,0.00073168
242,rs622815,rs9818420,269,290,6,0.0269,0.029,0.0007801
243,rs622815,rs1471695,269,501,9,0.0269,0.0501,0.00134769
244,rs622815,rs11719850,269,283,10,0.0269,0.0283,0.00076127
245,rs622815,exm2265552,269,286,4,0.0269,0.0286,0.00076934
246,rs622815,rs188721,269,311,9,0.0269,0.0311,0.00083659
247,rs622815,rs1425486,269,411,10,0.0269,0.0411,0.00110559
248,rs622815,rs9312547,269,248,13,0.0269,0.0248,0.00066712
249,rs622815,rs17222326,269,240,8,0.0269,0.024,0.0006456
250,rs622815,rs246210,269,202,5,0.0269,0.0202,0.00054338
251,rs622815,rs953741,269,261,9,0.0269,0.0261,0.00070209
252,rs622815,rs927629,269,263,4,0.0269,0.0263,0.00070747
253,rs622815,rs13205533,269,707,15,0.0269,0.0707,0.00190183
254,rs622815,rs6464448,269,174,3,0.0269,0.0174,0.00046806
255,rs622815,rs7790976,269,289,3,0.0269,0.0289,0.00077741
256,rs622815,rs1333042,269,385,16,0.0269,0.0385,0.00103565
257,rs622815,rs2383206,269,191,10,0.0269,0.0191,0.00051379
258,rs622815,exm-rs2383207,269,226,9,0.0269,0.0226,0.00060794
259,rs622815,rs10512215,269,505,22,0.0269,0.0505,0.00135845
260,rs622815,exm-rs7025486,269,276,4,0.0269,0.0276,0.00074244
261,rs622815,rs10453997,269,211,6,0.0269,0.0211,0.00056759
262,rs622815,rs2199210,269,377,4,0.0269,0.0377,0.00101413
263,rs622815,rs10834964,269,221,3,0.0269,0.0221,0.00059449
264,rs622815,rs4754193,269,317,9,0.0269,0.0317,0.00085273
265,rs622815,rs2244175,269,229,6,0.0269,0.0229,0.00061601
266,rs622815,rs9515203,269,605,17,0.0269,0.0605,0.00162745
267,rs622815,rs8008403,269,313,10,0.0269,0.0313,0.00084197
268,rs622815,rs17826595,269,257,5,0.0269,0.0257,0.00069133
269,rs622815,rs2461700,269,202,13,0.0269,0.0202,0.00054338
270,rs622815,rs2713935,269,195,4,0.0269,0.0195,0.00052455
271,rs622815,rs8082489,269,213,9,0.0269,0.0213,0.00057297
272,rs622815,exm2272546,269,180,2,0.0269,0.018,0.0004842
273,rs622815,rs2812,269,252,6,0.0269,0.0252,0.00067788
274,rs622815,rs9303470,269,197,3,0.0269,0.0197,0.00052993
275,rs622815,exm-rs6504218,269,242,7,0.0269,0.0242,0.00065098
276,rs622815,rs7407139,269,300,6,0.0269,0.03,0.000807
277,rs622815,rs1978723,269,205,4,0.0269,0.0205,0.00055145
278,rs622815,rs6086371,269,242,9,0.0269,0.0242,0.00065098
279,rs622815,exm1609541,269,235,8,0.0269,0.0235,0.00063215
280,rs4305308,exm2269246,514,278,27,0.0514,0.0278,0.00142892
281,rs4305308,rs10185087,514,256,8,0.0514,0.0256,0.00131584
282,rs4305308,rs10184636,514,574,16,0.0514,0.0574,0.00295036
283,rs4305308,rs6731912,514,272,29,0.0514,0.0272,0.00139808
284,rs4305308,rs1177498,514,272,14,0.0514,0.0272,0.00139808
285,rs4305308,rs9818420,514,290,15,0.0514,0.029,0.0014906
286,rs4305308,rs1471695,514,501,22,0.0514,0.0501,0.00257514
287,rs4305308,rs11719850,514,283,21,0.0514,0.0283,0.00145462
288,rs4305308,exm2265552,514,286,30,0.0514,0.0286,0.00147004
289,rs4305308,rs188721,514,311,10,0.0514,0.0311,0.00159854
290,rs4305308,rs1425486,514,411,26,0.0514,0.0411,0.00211254
291,rs4305308,rs9312547,514,248,16,0.0514,0.0248,0.00127472
292,rs4305308,rs17222326,514,240,12,0.0514,0.024,0.0012336
293,rs4305308,rs246210,514,202,10,0.0514,0.0202,0.00103828
294,rs4305308,rs953741,514,261,16,0.0514,0.0261,0.00134154
295,rs4305308,rs927629,514,263,16,0.0514,0.0263,0.00135182
296,rs4305308,rs13205533,514,707,49,0.0514,0.0707,0.00363398
297,rs4305308,rs6464448,514,174,11,0.0514,0.0174,0.00089436
298,rs4305308,rs7790976,514,289,7,0.0514,0.0289,0.00148546
299,rs4305308,rs1333042,514,385,16,0.0514,0.0385,0.0019789
300,rs4305308,rs2383206,514,191,6,0.0514,0.0191,0.00098174
301,rs4305308,exm-rs2383207,514,226,10,0.0514,0.0226,0.00116164
302,rs4305308,rs10512215,514,505,16,0.0514,0.0505,0.0025957
303,rs4305308,exm-rs7025486,514,276,11,0.0514,0.0276,0.00141864
304,rs4305308,rs10453997,514,211,4,0.0514,0.0211,0.00108454
305,rs4305308,rs2199210,514,377,20,0.0514,0.0377,0.00193778
306,rs4305308,rs10834964,514,221,10,0.0514,0.0221,0.00113594
307,rs4305308,rs4754193,514,317,16,0.0514,0.0317,0.00162938
308,rs4305308,rs2244175,514,229,24,0.0514,0.0229,0.00117706
309,rs4305308,rs9515203,514,605,20,0.0514,0.0605,0.0031097
310,rs4305308,rs8008403,514,313,11,0.0514,0.0313,0.00160882
311,rs4305308,rs17826595,514,257,9,0.0514,0.0257,0.00132098
312,rs4305308,rs2461700,514,202,4,0.0514,0.0202,0.00103828
313,rs4305308,rs2713935,514,195,8,0.0514,0.0195,0.0010023
314,rs4305308,rs8082489,514,213,9,0.0514,0.0213,0.00109482
315,rs4305308,exm2272546,514,180,4,0.0514,0.018,0.0009252
316,rs4305308,rs2812,514,252,7,0.0514,0.0252,0.00129528
317,rs4305308,rs9303470,514,197,6,0.0514,0.0197,0.00101258
318,rs4305308,exm-rs6504218,514,242,10,0.0514,0.0242,0.00124388
319,rs4305308,rs7407139,514,300,17,0.0514,0.03,0.001542
320,rs4305308,rs1978723,514,205,6,0.0514,0.0205,0.0010537
321,rs4305308,rs6086371,514,242,17,0.0514,0.0242,0.00124388
322,rs4305308,exm1609541,514,235,12,0.0514,0.0235,0.0012079
323,exm2269246,rs10185087,278,256,13,0.0278,0.0256,0.00071168
324,exm2269246,rs10184636,278,574,12,0.0278,0.0574,0.00159572
325,exm2269246,rs6731912,278,272,8,0.0278,0.0272,0.00075616
326,exm2269246,rs1177498,278,272,19,0.0278,0.0272,0.00075616
327,exm2269246,rs9818420,278,290,15,0.0278,0.029,0.0008062
328,exm2269246,rs1471695,278,501,12,0.0278,0.0501,0.00139278
329,exm2269246,rs11719850,278,283,5,0.0278,0.0283,0.00078674
330,exm2269246,exm2265552,278,286,6,0.0278,0.0286,0.00079508
331,exm2269246,rs188721,278,311,7,0.0278,0.0311,0.00086458
332,exm2269246,rs1425486,278,411,11,0.0278,0.0411,0.00114258
333,exm2269246,rs9312547,278,248,5,0.0278,0.0248,0.00068944
334,exm2269246,rs17222326,278,240,5,0.0278,0.024,0.0006672
335,exm2269246,rs246210,278,202,5,0.0278,0.0202,0.00056156
336,exm2269246,rs953741,278,261,6,0.0278,0.0261,0.00072558
337,exm2269246,rs927629,278,263,9,0.0278,0.0263,0.00073114
338,exm2269246,rs13205533,278,707,15,0.0278,0.0707,0.00196546
339,exm2269246,rs6464448,278,174,6,0.0278,0.0174,0.00048372
340,exm2269246,rs7790976,278,289,12,0.0278,0.0289,0.00080342
341,exm2269246,rs1333042,278,385,11,0.0278,0.0385,0.0010703
342,exm2269246,rs2383206,278,191,6,0.0278,0.0191,0.00053098
343,exm2269246,exm-rs2383207,278,226,6,0.0278,0.0226,0.00062828
344,exm2269246,rs10512215,278,505,23,0.0278,0.0505,0.0014039
345,exm2269246,exm-rs7025486,278,276,5,0.0278,0.0276,0.00076728
346,exm2269246,rs10453997,278,211,2,0.0278,0.0211,0.00058658
347,exm2269246,rs2199210,278,377,14,0.0278,0.0377,0.00104806
348,exm2269246,rs10834964,278,221,7,0.0278,0.0221,0.00061438
349,exm2269246,rs4754193,278,317,9,0.0278,0.0317,0.00088126
350,exm2269246,rs2244175,278,229,4,0.0278,0.0229,0.00063662
351,exm2269246,rs9515203,278,605,9,0.0278,0.0605,0.0016819
352,exm2269246,rs8008403,278,313,7,0.0278,0.0313,0.00087014
353,exm2269246,rs17826595,278,257,6,0.0278,0.0257,0.00071446
354,exm2269246,rs2461700,278,202,3,0.0278,0.0202,0.00056156
355,exm2269246,rs2713935,278,195,4,0.0278,0.0195,0.0005421
356,exm2269246,rs8082489,278,213,4,0.0278,0.0213,0.00059214
357,exm2269246,exm2272546,278,180,1,0.0278,0.018,0.0005004
358,exm2269246,rs2812,278,252,3,0.0278,0.0252,0.00070056
359,exm2269246,rs9303470,278,197,2,0.0278,0.0197,0.00054766
360,exm2269246,exm-rs6504218,278,242,6,0.0278,0.0242,0.00067276
361,exm2269246,rs7407139,278,300,11,0.0278,0.03,0.000834
362,exm2269246,rs1978723,278,205,4,0.0278,0.0205,0.0005699
363,exm2269246,rs6086371,278,242,3,0.0278,0.0242,0.00067276
364,exm2269246,exm1609541,278,235,6,0.0278,0.0235,0.0006533
365,rs10185087,rs10184636,256,574,15,0.0256,0.0574,0.00146944
366,rs10185087,rs6731912,256,272,4,0.0256,0.0272,0.00069632
367,rs10185087,rs1177498,256,272,5,0.0256,0.0272,0.00069632
368,rs10185087,rs9818420,256,290,6,0.0256,0.029,0.0007424
369,rs10185087,rs1471695,256,501,16,0.0256,0.0501,0.00128256
370,rs10185087,rs11719850,256,283,5,0.0256,0.0283,0.00072448
371,rs10185087,exm2265552,256,286,7,0.0256,0.0286,0.00073216
372,rs10185087,rs188721,256,311,20,0.0256,0.0311,0.00079616
373,rs10185087,rs1425486,256,411,13,0.0256,0.0411,0.00105216
374,rs10185087,rs9312547,256,248,2,0.0256,0.0248,0.00063488
375,rs10185087,rs17222326,256,240,5,0.0256,0.024,0.0006144
376,rs10185087,rs246210,256,202,8,0.0256,0.0202,0.00051712
377,rs10185087,rs953741,256,261,9,0.0256,0.0261,0.00066816
378,rs10185087,rs927629,256,263,9,0.0256,0.0263,0.00067328
379,rs10185087,rs13205533,256,707,17,0.0256,0.0707,0.00180992
380,rs10185087,rs6464448,256,174,5,0.0256,0.0174,0.00044544
381,rs10185087,rs7790976,256,289,7,0.0256,0.0289,0.00073984
382,rs10185087,rs1333042,256,385,9,0.0256,0.0385,0.0009856
383,rs10185087,rs2383206,256,191,1,0.0256,0.0191,0.00048896
384,rs10185087,exm-rs2383207,256,226,5,0.0256,0.0226,0.00057856
385,rs10185087,rs10512215,256,505,19,0.0256,0.0505,0.0012928
386,rs10185087,exm-rs7025486,256,276,7,0.0256,0.0276,0.00070656
387,rs10185087,rs10453997,256,211,1,0.0256,0.0211,0.00054016
388,rs10185087,rs2199210,256,377,6,0.0256,0.0377,0.00096512
389,rs10185087,rs10834964,256,221,5,0.0256,0.0221,0.00056576
390,rs10185087,rs4754193,256,317,1,0.0256,0.0317,0.00081152
391,rs10185087,rs2244175,256,229,6,0.0256,0.0229,0.00058624
392,rs10185087,rs9515203,256,605,9,0.0256,0.0605,0.0015488
393,rs10185087,rs8008403,256,313,9,0.0256,0.0313,0.00080128
394,rs10185087,rs17826595,256,257,6,0.0256,0.0257,0.00065792
395,rs10185087,rs2461700,256,202,6,0.0256,0.0202,0.00051712
396,rs10185087,rs2713935,256,195,6,0.0256,0.0195,0.0004992
397,rs10185087,rs8082489,256,213,4,0.0256,0.0213,0.00054528
398,rs10185087,exm2272546,256,180,6,0.0256,0.018,0.0004608
399,rs10185087,rs2812,256,252,2,0.0256,0.0252,0.00064512
400,rs10185087,rs9303470,256,197,4,0.0256,0.0197,0.00050432
401,rs10185087,exm-rs6504218,256,242,5,0.0256,0.0242,0.00061952
402,rs10185087,rs7407139,256,300,6,0.0256,0.03,0.000768
403,rs10185087,rs1978723,256,205,4,0.0256,0.0205,0.0005248
404,rs10185087,rs6086371,256,242,5,0.0256,0.0242,0.00061952
405,rs10185087,exm1609541,256,235,3,0.0256,0.0235,0.0006016
406,rs10184636,rs6731912,574,272,20,0.0574,0.0272,0.00156128
407,rs10184636,rs1177498,574,272,8,0.0574,0.0272,0.00156128
408,rs10184636,rs9818420,574,290,14,0.0574,0.029,0.0016646
409,rs10184636,rs1471695,574,501,17,0.0574,0.0501,0.00287574
410,rs10184636,rs11719850,574,283,9,0.0574,0.0283,0.00162442
411,rs10184636,exm2265552,574,286,13,0.0574,0.0286,0.00164164
412,rs10184636,rs188721,574,311,12,0.0574,0.0311,0.00178514
413,rs10184636,rs1425486,574,411,20,0.0574,0.0411,0.00235914
414,rs10184636,rs9312547,574,248,14,0.0574,0.0248,0.00142352
415,rs10184636,rs17222326,574,240,10,0.0574,0.024,0.0013776
416,rs10184636,rs246210,574,202,7,0.0574,0.0202,0.00115948
417,rs10184636,rs953741,574,261,10,0.0574,0.0261,0.00149814
418,rs10184636,rs927629,574,263,17,0.0574,0.0263,0.00150962
419,rs10184636,rs13205533,574,707,22,0.0574,0.0707,0.00405818
420,rs10184636,rs6464448,574,174,8,0.0574,0.0174,0.00099876
421,rs10184636,rs7790976,574,289,8,0.0574,0.0289,0.00165886
422,rs10184636,rs1333042,574,385,40,0.0574,0.0385,0.0022099
423,rs10184636,rs2383206,574,191,16,0.0574,0.0191,0.00109634
424,rs10184636,exm-rs2383207,574,226,26,0.0574,0.0226,0.00129724
425,rs10184636,rs10512215,574,505,20,0.0574,0.0505,0.0028987
426,rs10184636,exm-rs7025486,574,276,9,0.0574,0.0276,0.00158424
427,rs10184636,rs10453997,574,211,23,0.0574,0.0211,0.00121114
428,rs10184636,rs2199210,574,377,30,0.0574,0.0377,0.00216398
429,rs10184636,rs10834964,574,221,14,0.0574,0.0221,0.00126854
430,rs10184636,rs4754193,574,317,21,0.0574,0.0317,0.00181958
431,rs10184636,rs2244175,574,229,9,0.0574,0.0229,0.00131446
432,rs10184636,rs9515203,574,605,23,0.0574,0.0605,0.0034727
433,rs10184636,rs8008403,574,313,21,0.0574,0.0313,0.00179662
434,rs10184636,rs17826595,574,257,8,0.0574,0.0257,0.00147518
435,rs10184636,rs2461700,574,202,7,0.0574,0.0202,0.00115948
436,rs10184636,rs2713935,574,195,3,0.0574,0.0195,0.0011193
437,rs10184636,rs8082489,574,213,14,0.0574,0.0213,0.00122262
438,rs10184636,exm2272546,574,180,6,0.0574,0.018,0.0010332
439,rs10184636,rs2812,574,252,21,0.0574,0.0252,0.00144648
440,rs10184636,rs9303470,574,197,7,0.0574,0.0197,0.00113078
441,rs10184636,exm-rs6504218,574,242,11,0.0574,0.0242,0.00138908
442,rs10184636,rs7407139,574,300,15,0.0574,0.03,0.001722
443,rs10184636,rs1978723,574,205,5,0.0574,0.0205,0.0011767
444,rs10184636,rs6086371,574,242,12,0.0574,0.0242,0.00138908
445,rs10184636,exm1609541,574,235,8,0.0574,0.0235,0.0013489
446,rs6731912,rs1177498,272,272,6,0.0272,0.0272,0.00073984
447,rs6731912,rs9818420,272,290,9,0.0272,0.029,0.0007888
448,rs6731912,rs1471695,272,501,10,0.0272,0.0501,0.00136272
449,rs6731912,rs11719850,272,283,2,0.0272,0.0283,0.00076976
450,rs6731912,exm2265552,272,286,11,0.0272,0.0286,0.00077792
451,rs6731912,rs188721,272,311,5,0.0272,0.0311,0.00084592
452,rs6731912,rs1425486,272,411,7,0.0272,0.0411,0.00111792
453,rs6731912,rs9312547,272,248,3,0.0272,0.0248,0.00067456
454,rs6731912,rs17222326,272,240,4,0.0272,0.024,0.0006528
455,rs6731912,rs246210,272,202,1,0.0272,0.0202,0.00054944
456,rs6731912,rs953741,272,261,7,0.0272,0.0261,0.00070992
457,rs6731912,rs927629,272,263,7,0.0272,0.0263,0.00071536
458,rs6731912,rs13205533,272,707,25,0.0272,0.0707,0.00192304
459,rs6731912,rs6464448,272,174,6,0.0272,0.0174,0.00047328
460,rs6731912,rs7790976,272,289,6,0.0272,0.0289,0.00078608
461,rs6731912,rs1333042,272,385,5,0.0272,0.0385,0.0010472
462,rs6731912,rs2383206,272,191,6,0.0272,0.0191,0.00051952
463,rs6731912,exm-rs2383207,272,226,8,0.0272,0.0226,0.00061472
464,rs6731912,rs10512215,272,505,10,0.0272,0.0505,0.0013736
465,rs6731912,exm-rs7025486,272,276,12,0.0272,0.0276,0.00075072
466,rs6731912,rs10453997,272,211,9,0.0272,0.0211,0.00057392
467,rs6731912,rs2199210,272,377,7,0.0272,0.0377,0.00102544
468,rs6731912,rs10834964,272,221,7,0.0272,0.0221,0.00060112
469,rs6731912,rs4754193,272,317,6,0.0272,0.0317,0.00086224
470,rs6731912,rs2244175,272,229,7,0.0272,0.0229,0.00062288
471,rs6731912,rs9515203,272,605,7,0.0272,0.0605,0.0016456
472,rs6731912,rs8008403,272,313,12,0.0272,0.0313,0.00085136
473,rs6731912,rs17826595,272,257,7,0.0272,0.0257,0.00069904
474,rs6731912,rs2461700,272,202,4,0.0272,0.0202,0.00054944
475,rs6731912,rs2713935,272,195,2,0.0272,0.0195,0.0005304
476,rs6731912,rs8082489,272,213,3,0.0272,0.0213,0.00057936
477,rs6731912,exm2272546,272,180,3,0.0272,0.018,0.0004896
478,rs6731912,rs2812,272,252,4,0.0272,0.0252,0.00068544
479,rs6731912,rs9303470,272,197,5,0.0272,0.0197,0.00053584
480,rs6731912,exm-rs6504218,272,242,4,0.0272,0.0242,0.00065824
481,rs6731912,rs7407139,272,300,11,0.0272,0.03,0.000816
482,rs6731912,rs1978723,272,205,3,0.0272,0.0205,0.0005576
483,rs6731912,rs6086371,272,242,5,0.0272,0.0242,0.00065824
484,rs6731912,exm1609541,272,235,13,0.0272,0.0235,0.0006392
485,rs1177498,rs9818420,272,290,15,0.0272,0.029,0.0007888
486,rs1177498,rs1471695,272,501,11,0.0272,0.0501,0.00136272
487,rs1177498,rs11719850,272,283,10,0.0272,0.0283,0.00076976
488,rs1177498,exm2265552,272,286,8,0.0272,0.0286,0.00077792
489,rs1177498,rs188721,272,311,12,0.0272,0.0311,0.00084592
490,rs1177498,rs1425486,272,411,10,0.0272,0.0411,0.00111792
491,rs1177498,rs9312547,272,248,8,0.0272,0.0248,0.00067456
492,rs1177498,rs17222326,272,240,4,0.0272,0.024,0.0006528
493,rs1177498,rs246210,272,202,5,0.0272,0.0202,0.00054944
494,rs1177498,rs953741,272,261,2,0.0272,0.0261,0.00070992
495,rs1177498,rs927629,272,263,12,0.0272,0.0263,0.00071536
496,rs1177498,rs13205533,272,707,15,0.0272,0.0707,0.00192304
497,rs1177498,rs6464448,272,174,7,0.0272,0.0174,0.00047328
498,rs1177498,rs7790976,272,289,6,0.0272,0.0289,0.00078608
499,rs1177498,rs1333042,272,385,9,0.0272,0.0385,0.0010472
500,rs1177498,rs2383206,272,191,3,0.0272,0.0191,0.00051952
501,rs1177498,exm-rs2383207,272,226,3,0.0272,0.0226,0.00061472
502,rs1177498,rs10512215,272,505,20,0.0272,0.0505,0.0013736
503,rs1177498,exm-rs7025486,272,276,6,0.0272,0.0276,0.00075072
504,rs1177498,rs10453997,272,211,4,0.0272,0.0211,0.00057392
505,rs1177498,rs2199210,272,377,16,0.0272,0.0377,0.00102544
506,rs1177498,rs10834964,272,221,6,0.0272,0.0221,0.00060112
507,rs1177498,rs4754193,272,317,7,0.0272,0.0317,0.00086224
508,rs1177498,rs2244175,272,229,7,0.0272,0.0229,0.00062288
509,rs1177498,rs9515203,272,605,6,0.0272,0.0605,0.0016456
510,rs1177498,rs8008403,272,313,9,0.0272,0.0313,0.00085136
511,rs1177498,rs17826595,272,257,4,0.0272,0.0257,0.00069904
512,rs1177498,rs2461700,272,202,8,0.0272,0.0202,0.00054944
513,rs1177498,rs2713935,272,195,6,0.0272,0.0195,0.0005304
514,rs1177498,rs8082489,272,213,6,0.0272,0.0213,0.00057936
515,rs1177498,exm2272546,272,180,0,0.0272,0.018,0.0004896
516,rs1177498,rs2812,272,252,7,0.0272,0.0252,0.00068544
517,rs1177498,rs9303470,272,197,5,0.0272,0.0197,0.00053584
518,rs1177498,exm-rs6504218,272,242,9,0.0272,0.0242,0.00065824
519,rs1177498,rs7407139,272,300,17,0.0272,0.03,0.000816
520,rs1177498,rs1978723,272,205,3,0.0272,0.0205,0.0005576
521,rs1177498,rs6086371,272,242,10,0.0272,0.0242,0.00065824
522,rs1177498,exm1609541,272,235,8,0.0272,0.0235,0.0006392
523,rs9818420,rs1471695,290,501,15,0.029,0.0501,0.0014529
524,rs9818420,rs11719850,290,283,8,0.029,0.0283,0.0008207
525,rs9818420,exm2265552,290,286,12,0.029,0.0286,0.0008294
526,rs9818420,rs188721,290,311,11,0.029,0.0311,0.0009019
527,rs9818420,rs1425486,290,411,23,0.029,0.0411,0.0011919
528,rs9818420,rs9312547,290,248,10,0.029,0.0248,0.0007192
529,rs9818420,rs17222326,290,240,3,0.029,0.024,0.000696
530,rs9818420,rs246210,290,202,7,0.029,0.0202,0.0005858
531,rs9818420,rs953741,290,261,10,0.029,0.0261,0.0007569
532,rs9818420,rs927629,290,263,26,0.029,0.0263,0.0007627
533,rs9818420,rs13205533,290,707,19,0.029,0.0707,0.0020503
534,rs9818420,rs6464448,290,174,0,0.029,0.0174,0.0005046
535,rs9818420,rs7790976,290,289,6,0.029,0.0289,0.0008381
536,rs9818420,rs1333042,290,385,9,0.029,0.0385,0.0011165
537,rs9818420,rs2383206,290,191,1,0.029,0.0191,0.0005539
538,rs9818420,exm-rs2383207,290,226,4,0.029,0.0226,0.0006554
539,rs9818420,rs10512215,290,505,13,0.029,0.0505,0.0014645
540,rs9818420,exm-rs7025486,290,276,3,0.029,0.0276,0.0008004
541,rs9818420,rs10453997,290,211,6,0.029,0.0211,0.0006119
542,rs9818420,rs2199210,290,377,18,0.029,0.0377,0.0010933
543,rs9818420,rs10834964,290,221,7,0.029,0.0221,0.0006409
544,rs9818420,rs4754193,290,317,10,0.029,0.0317,0.0009193
545,rs9818420,rs2244175,290,229,6,0.029,0.0229,0.0006641
546,rs9818420,rs9515203,290,605,10,0.029,0.0605,0.0017545
547,rs9818420,rs8008403,290,313,4,0.029,0.0313,0.0009077
548,rs9818420,rs17826595,290,257,5,0.029,0.0257,0.0007453
549,rs9818420,rs2461700,290,202,6,0.029,0.0202,0.0005858
550,rs9818420,rs2713935,290,195,1,0.029,0.0195,0.0005655
551,rs9818420,rs8082489,290,213,6,0.029,0.0213,0.0006177
552,rs9818420,exm2272546,290,180,5,0.029,0.018,0.000522
553,rs9818420,rs2812,290,252,5,0.029,0.0252,0.0007308
554,rs9818420,rs9303470,290,197,1,0.029,0.0197,0.0005713
555,rs9818420,exm-rs6504218,290,242,7,0.029,0.0242,0.0007018
556,rs9818420,rs7407139,290,300,5,0.029,0.03,0.00087
557,rs9818420,rs1978723,290,205,6,0.029,0.0205,0.0005945
558,rs9818420,rs6086371,290,242,8,0.029,0.0242,0.0007018
559,rs9818420,exm1609541,290,235,4,0.029,0.0235,0.0006815
560,rs1471695,rs11719850,501,283,0,0.0501,0.0283,0.00141783
561,rs1471695,exm2265552,501,286,24,0.0501,0.0286,0.00143286
562,rs1471695,rs188721,501,311,12,0.0501,0.0311,0.00155811
563,rs1471695,rs1425486,501,411,13,0.0501,0.0411,0.00205911
564,rs1471695,rs9312547,501,248,13,0.0501,0.0248,0.00124248
565,rs1471695,rs17222326,501,240,10,0.0501,0.024,0.0012024
566,rs1471695,rs246210,501,202,7,0.0501,0.0202,0.00101202
567,rs1471695,rs953741,501,261,9,0.0501,0.0261,0.00130761
568,rs1471695,rs927629,501,263,8,0.0501,0.0263,0.00131763
569,rs1471695,rs13205533,501,707,25,0.0501,0.0707,0.00354207
570,rs1471695,rs6464448,501,174,5,0.0501,0.0174,0.00087174
571,rs1471695,rs7790976,501,289,11,0.0501,0.0289,0.00144789
572,rs1471695,rs1333042,501,385,15,0.0501,0.0385,0.00192885
573,rs1471695,rs2383206,501,191,5,0.0501,0.0191,0.00095691
574,rs1471695,exm-rs2383207,501,226,4,0.0501,0.0226,0.00113226
575,rs1471695,rs10512215,501,505,23,0.0501,0.0505,0.00253005
576,rs1471695,exm-rs7025486,501,276,17,0.0501,0.0276,0.00138276
577,rs1471695,rs10453997,501,211,6,0.0501,0.0211,0.00105711
578,rs1471695,rs2199210,501,377,15,0.0501,0.0377,0.00188877
579,rs1471695,rs10834964,501,221,14,0.0501,0.0221,0.00110721
580,rs1471695,rs4754193,501,317,10,0.0501,0.0317,0.00158817
581,rs1471695,rs2244175,501,229,13,0.0501,0.0229,0.00114729
582,rs1471695,rs9515203,501,605,16,0.0501,0.0605,0.00303105
583,rs1471695,rs8008403,501,313,11,0.0501,0.0313,0.00156813
584,rs1471695,rs17826595,501,257,8,0.0501,0.0257,0.00128757
585,rs1471695,rs2461700,501,202,10,0.0501,0.0202,0.00101202
586,rs1471695,rs2713935,501,195,33,0.0501,0.0195,0.00097695
587,rs1471695,rs8082489,501,213,5,0.0501,0.0213,0.00106713
588,rs1471695,exm2272546,501,180,4,0.0501,0.018,0.0009018
589,rs1471695,rs2812,501,252,8,0.0501,0.0252,0.00126252
590,rs1471695,rs9303470,501,197,5,0.0501,0.0197,0.00098697
591,rs1471695,exm-rs6504218,501,242,7,0.0501,0.0242,0.00121242
592,rs1471695,rs7407139,501,300,13,0.0501,0.03,0.001503
593,rs1471695,rs1978723,501,205,21,0.0501,0.0205,0.00102705
594,rs1471695,rs6086371,501,242,20,0.0501,0.0242,0.00121242
595,rs1471695,exm1609541,501,235,7,0.0501,0.0235,0.00117735
596,rs11719850,exm2265552,283,286,15,0.0283,0.0286,0.00080938
597,rs11719850,rs188721,283,311,6,0.0283,0.0311,0.00088013
598,rs11719850,rs1425486,283,411,6,0.0283,0.0411,0.00116313
599,rs11719850,rs9312547,283,248,9,0.0283,0.0248,0.00070184
600,rs11719850,rs17222326,283,240,6,0.0283,0.024,0.0006792
601,rs11719850,rs246210,283,202,2,0.0283,0.0202,0.00057166
602,rs11719850,rs953741,283,261,5,0.0283,0.0261,0.00073863
603,rs11719850,rs927629,283,263,10,0.0283,0.0263,0.00074429
604,rs11719850,rs13205533,283,707,21,0.0283,0.0707,0.00200081
605,rs11719850,rs6464448,283,174,3,0.0283,0.0174,0.00049242
606,rs11719850,rs7790976,283,289,5,0.0283,0.0289,0.00081787
607,rs11719850,rs1333042,283,385,5,0.0283,0.0385,0.00108955
608,rs11719850,rs2383206,283,191,1,0.0283,0.0191,0.00054053
609,rs11719850,exm-rs2383207,283,226,5,0.0283,0.0226,0.00063958
610,rs11719850,rs10512215,283,505,10,0.0283,0.0505,0.00142915
611,rs11719850,exm-rs7025486,283,276,11,0.0283,0.0276,0.00078108
612,rs11719850,rs10453997,283,211,4,0.0283,0.0211,0.00059713
613,rs11719850,rs2199210,283,377,18,0.0283,0.0377,0.00106691
614,rs11719850,rs10834964,283,221,5,0.0283,0.0221,0.00062543
615,rs11719850,rs4754193,283,317,8,0.0283,0.0317,0.00089711
616,rs11719850,rs2244175,283,229,1,0.0283,0.0229,0.00064807
617,rs11719850,rs9515203,283,605,15,0.0283,0.0605,0.00171215
618,rs11719850,rs8008403,283,313,5,0.0283,0.0313,0.00088579
619,rs11719850,rs17826595,283,257,3,0.0283,0.0257,0.00072731
620,rs11719850,rs2461700,283,202,2,0.0283,0.0202,0.00057166
621,rs11719850,rs2713935,283,195,11,0.0283,0.0195,0.00055185
622,rs11719850,rs8082489,283,213,8,0.0283,0.0213,0.00060279
623,rs11719850,exm2272546,283,180,1,0.0283,0.018,0.0005094
624,rs11719850,rs2812,283,252,3,0.0283,0.0252,0.00071316
625,rs11719850,rs9303470,283,197,4,0.0283,0.0197,0.00055751
626,rs11719850,exm-rs6504218,283,242,3,0.0283,0.0242,0.00068486
627,rs11719850,rs7407139,283,300,4,0.0283,0.03,0.000849
628,rs11719850,rs1978723,283,205,4,0.0283,0.0205,0.00058015
629,rs11719850,rs6086371,283,242,14,0.0283,0.0242,0.00068486
630,rs11719850,exm1609541,283,235,7,0.0283,0.0235,0.00066505
631,exm2265552,rs188721,286,311,8,0.0286,0.0311,0.00088946
632,exm2265552,rs1425486,286,411,15,0.0286,0.0411,0.00117546
633,exm2265552,rs9312547,286,248,3,0.0286,0.0248,0.00070928
634,exm2265552,rs17222326,286,240,5,0.0286,0.024,0.0006864
635,exm2265552,rs246210,286,202,4,0.0286,0.0202,0.00057772
636,exm2265552,rs953741,286,261,6,0.0286,0.0261,0.00074646
637,exm2265552,rs927629,286,263,8,0.0286,0.0263,0.00075218
638,exm2265552,rs13205533,286,707,23,0.0286,0.0707,0.00202202
639,exm2265552,rs6464448,286,174,3,0.0286,0.0174,0.00049764
640,exm2265552,rs7790976,286,289,6,0.0286,0.0289,0.00082654
641,exm2265552,rs1333042,286,385,8,0.0286,0.0385,0.0011011
642,exm2265552,rs2383206,286,191,2,0.0286,0.0191,0.00054626
643,exm2265552,exm-rs2383207,286,226,6,0.0286,0.0226,0.00064636
644,exm2265552,rs10512215,286,505,10,0.0286,0.0505,0.0014443
645,exm2265552,exm-rs7025486,286,276,9,0.0286,0.0276,0.00078936
646,exm2265552,rs10453997,286,211,6,0.0286,0.0211,0.00060346
647,exm2265552,rs2199210,286,377,11,0.0286,0.0377,0.00107822
648,exm2265552,rs10834964,286,221,8,0.0286,0.0221,0.00063206
649,exm2265552,rs4754193,286,317,6,0.0286,0.0317,0.00090662
650,exm2265552,rs2244175,286,229,13,0.0286,0.0229,0.00065494
651,exm2265552,rs9515203,286,605,6,0.0286,0.0605,0.0017303
652,exm2265552,rs8008403,286,313,5,0.0286,0.0313,0.00089518
653,exm2265552,rs17826595,286,257,5,0.0286,0.0257,0.00073502
654,exm2265552,rs2461700,286,202,4,0.0286,0.0202,0.00057772
655,exm2265552,rs2713935,286,195,11,0.0286,0.0195,0.0005577
656,exm2265552,rs8082489,286,213,9,0.0286,0.0213,0.00060918
657,exm2265552,exm2272546,286,180,3,0.0286,0.018,0.0005148
658,exm2265552,rs2812,286,252,1,0.0286,0.0252,0.00072072
659,exm2265552,rs9303470,286,197,10,0.0286,0.0197,0.00056342
660,exm2265552,exm-rs6504218,286,242,3,0.0286,0.0242,0.00069212
661,exm2265552,rs7407139,286,300,11,0.0286,0.03,0.000858
662,exm2265552,rs1978723,286,205,10,0.0286,0.0205,0.0005863
663,exm2265552,rs6086371,286,242,5,0.0286,0.0242,0.00069212
664,exm2265552,exm1609541,286,235,5,0.0286,0.0235,0.0006721
665,rs188721,rs1425486,311,411,13,0.0311,0.0411,0.00127821
666,rs188721,rs9312547,311,248,5,0.0311,0.0248,0.00077128
667,rs188721,rs17222326,311,240,8,0.0311,0.024,0.0007464
668,rs188721,rs246210,311,202,9,0.0311,0.0202,0.00062822
669,rs188721,rs953741,311,261,4,0.0311,0.0261,0.00081171
670,rs188721,rs927629,311,263,5,0.0311,0.0263,0.00081793
671,rs188721,rs13205533,311,707,17,0.0311,0.0707,0.00219877
672,rs188721,rs6464448,311,174,12,0.0311,0.0174,0.00054114
673,rs188721,rs7790976,311,289,16,0.0311,0.0289,0.00089879
674,rs188721,rs1333042,311,385,10,0.0311,0.0385,0.00119735
675,rs188721,rs2383206,311,191,7,0.0311,0.0191,0.00059401
676,rs188721,exm-rs2383207,311,226,9,0.0311,0.0226,0.00070286
677,rs188721,rs10512215,311,505,25,0.0311,0.0505,0.00157055
678,rs188721,exm-rs7025486,311,276,12,0.0311,0.0276,0.00085836
679,rs188721,rs10453997,311,211,8,0.0311,0.0211,0.00065621
680,rs188721,rs2199210,311,377,11,0.0311,0.0377,0.00117247
681,rs188721,rs10834964,311,221,11,0.0311,0.0221,0.00068731
682,rs188721,rs4754193,311,317,10,0.0311,0.0317,0.00098587
683,rs188721,rs2244175,311,229,8,0.0311,0.0229,0.00071219
684,rs188721,rs9515203,311,605,13,0.0311,0.0605,0.00188155
685,rs188721,rs8008403,311,313,3,0.0311,0.0313,0.00097343
686,rs188721,rs17826595,311,257,12,0.0311,0.0257,0.00079927
687,rs188721,rs2461700,311,202,9,0.0311,0.0202,0.00062822
688,rs188721,rs2713935,311,195,7,0.0311,0.0195,0.00060645
689,rs188721,rs8082489,311,213,13,0.0311,0.0213,0.00066243
690,rs188721,exm2272546,311,180,4,0.0311,0.018,0.0005598
691,rs188721,rs2812,311,252,4,0.0311,0.0252,0.00078372
692,rs188721,rs9303470,311,197,4,0.0311,0.0197,0.00061267
693,rs188721,exm-rs6504218,311,242,5,0.0311,0.0242,0.00075262
694,rs188721,rs7407139,311,300,9,0.0311,0.03,0.000933
695,rs188721,rs1978723,311,205,8,0.0311,0.0205,0.00063755
696,rs188721,rs6086371,311,242,9,0.0311,0.0242,0.00075262
697,rs188721,exm1609541,311,235,5,0.0311,0.0235,0.00073085
698,rs1425486,rs9312547,411,248,7,0.0411,0.0248,0.00101928
699,rs1425486,rs17222326,411,240,3,0.0411,0.024,0.0009864
700,rs1425486,rs246210,411,202,36,0.0411,0.0202,0.00083022
701,rs1425486,rs953741,411,261,20,0.0411,0.0261,0.00107271
702,rs1425486,rs927629,411,263,10,0.0411,0.0263,0.00108093
703,rs1425486,rs13205533,411,707,23,0.0411,0.0707,0.00290577
704,rs1425486,rs6464448,411,174,7,0.0411,0.0174,0.00071514
705,rs1425486,rs7790976,411,289,18,0.0411,0.0289,0.00118779
706,rs1425486,rs1333042,411,385,14,0.0411,0.0385,0.00158235
707,rs1425486,rs2383206,411,191,8,0.0411,0.0191,0.00078501
708,rs1425486,exm-rs2383207,411,226,5,0.0411,0.0226,0.00092886
709,rs1425486,rs10512215,411,505,20,0.0411,0.0505,0.00207555
710,rs1425486,exm-rs7025486,411,276,9,0.0411,0.0276,0.00113436
711,rs1425486,rs10453997,411,211,3,0.0411,0.0211,0.00086721
712,rs1425486,rs2199210,411,377,10,0.0411,0.0377,0.00154947
713,rs1425486,rs10834964,411,221,13,0.0411,0.0221,0.00090831
714,rs1425486,rs4754193,411,317,9,0.0411,0.0317,0.00130287
715,rs1425486,rs2244175,411,229,4,0.0411,0.0229,0.00094119
716,rs1425486,rs9515203,411,605,34,0.0411,0.0605,0.00248655
717,rs1425486,rs8008403,411,313,10,0.0411,0.0313,0.00128643
718,rs1425486,rs17826595,411,257,6,0.0411,0.0257,0.00105627
719,rs1425486,rs2461700,411,202,12,0.0411,0.0202,0.00083022
720,rs1425486,rs2713935,411,195,12,0.0411,0.0195,0.00080145
721,rs1425486,rs8082489,411,213,5,0.0411,0.0213,0.00087543
722,rs1425486,exm2272546,411,180,4,0.0411,0.018,0.0007398
723,rs1425486,rs2812,411,252,7,0.0411,0.0252,0.00103572
724,rs1425486,rs9303470,411,197,6,0.0411,0.0197,0.00080967
725,rs1425486,exm-rs6504218,411,242,6,0.0411,0.0242,0.00099462
726,rs1425486,rs7407139,411,300,7,0.0411,0.03,0.001233
727,rs1425486,rs1978723,411,205,5,0.0411,0.0205,0.00084255
728,rs1425486,rs6086371,411,242,6,0.0411,0.0242,0.00099462
729,rs1425486,exm1609541,411,235,3,0.0411,0.0235,0.00096585
730,rs9312547,rs17222326,248,240,3,0.0248,0.024,0.0005952
731,rs9312547,rs246210,248,202,2,0.0248,0.0202,0.00050096
732,rs9312547,rs953741,248,261,8,0.0248,0.0261,0.00064728
733,rs9312547,rs927629,248,263,2,0.0248,0.0263,0.00065224
734,rs9312547,rs13205533,248,707,12,0.0248,0.0707,0.00175336
735,rs9312547,rs6464448,248,174,4,0.0248,0.0174,0.00043152
736,rs9312547,rs7790976,248,289,7,0.0248,0.0289,0.00071672
737,rs9312547,rs1333042,248,385,8,0.0248,0.0385,0.0009548
738,rs9312547,rs2383206,248,191,4,0.0248,0.0191,0.00047368
739,rs9312547,exm-rs2383207,248,226,7,0.0248,0.0226,0.00056048
740,rs9312547,rs10512215,248,505,17,0.0248,0.0505,0.0012524
741,rs9312547,exm-rs7025486,248,276,4,0.0248,0.0276,0.00068448
742,rs9312547,rs10453997,248,211,9,0.0248,0.0211,0.00052328
743,rs9312547,rs2199210,248,377,9,0.0248,0.0377,0.00093496
744,rs9312547,rs10834964,248,221,0,0.0248,0.0221,0.00054808
745,rs9312547,rs4754193,248,317,6,0.0248,0.0317,0.00078616
746,rs9312547,rs2244175,248,229,10,0.0248,0.0229,0.00056792
747,rs9312547,rs9515203,248,605,5,0.0248,0.0605,0.0015004
748,rs9312547,rs8008403,248,313,8,0.0248,0.0313,0.00077624
749,rs9312547,rs17826595,248,257,3,0.0248,0.0257,0.00063736
750,rs9312547,rs2461700,248,202,6,0.0248,0.0202,0.00050096
751,rs9312547,rs2713935,248,195,4,0.0248,0.0195,0.0004836
752,rs9312547,rs8082489,248,213,7,0.0248,0.0213,0.00052824
753,rs9312547,exm2272546,248,180,2,0.0248,0.018,0.0004464
754,rs9312547,rs2812,248,252,3,0.0248,0.0252,0.00062496
755,rs9312547,rs9303470,248,197,4,0.0248,0.0197,0.00048856
756,rs9312547,exm-rs6504218,248,242,5,0.0248,0.0242,0.00060016
757,rs9312547,rs7407139,248,300,4,0.0248,0.03,0.000744
758,rs9312547,rs1978723,248,205,3,0.0248,0.0205,0.0005084
759,rs9312547,rs6086371,248,242,7,0.0248,0.0242,0.00060016
760,rs9312547,exm1609541,248,235,2,0.0248,0.0235,0.0005828
761,rs17222326,rs246210,240,202,4,0.024,0.0202,0.0004848
762,rs17222326,rs953741,240,261,7,0.024,0.0261,0.0006264
763,rs17222326,rs927629,240,263,1,0.024,0.0263,0.0006312
764,rs17222326,rs13205533,240,707,13,0.024,0.0707,0.0016968
765,rs17222326,rs6464448,240,174,8,0.024,0.0174,0.0004176
766,rs17222326,rs7790976,240,289,4,0.024,0.0289,0.0006936
767,rs17222326,rs1333042,240,385,10,0.024,0.0385,0.000924
768,rs17222326,rs2383206,240,191,9,0.024,0.0191,0.0004584
769,rs17222326,exm-rs2383207,240,226,10,0.024,0.0226,0.0005424
770,rs17222326,rs10512215,240,505,7,0.024,0.0505,0.001212
771,rs17222326,exm-rs7025486,240,276,10,0.024,0.0276,0.0006624
772,rs17222326,rs10453997,240,211,2,0.024,0.0211,0.0005064
773,rs17222326,rs2199210,240,377,7,0.024,0.0377,0.0009048
774,rs17222326,rs10834964,240,221,1,0.024,0.0221,0.0005304
775,rs17222326,rs4754193,240,317,9,0.024,0.0317,0.0007608
776,rs17222326,rs2244175,240,229,6,0.024,0.0229,0.0005496
777,rs17222326,rs9515203,240,605,8,0.024,0.0605,0.001452
778,rs17222326,rs8008403,240,313,8,0.024,0.0313,0.0007512
779,rs17222326,rs17826595,240,257,2,0.024,0.0257,0.0006168
780,rs17222326,rs2461700,240,202,6,0.024,0.0202,0.0004848
781,rs17222326,rs2713935,240,195,7,0.024,0.0195,0.000468
782,rs17222326,rs8082489,240,213,5,0.024,0.0213,0.0005112
783,rs17222326,exm2272546,240,180,7,0.024,0.018,0.000432
784,rs17222326,rs2812,240,252,3,0.024,0.0252,0.0006048
785,rs17222326,rs9303470,240,197,4,0.024,0.0197,0.0004728
786,rs17222326,exm-rs6504218,240,242,2,0.024,0.0242,0.0005808
787,rs17222326,rs7407139,240,300,7,0.024,0.03,0.00072
788,rs17222326,rs1978723,240,205,3,0.024,0.0205,0.000492
789,rs17222326,rs6086371,240,242,9,0.024,0.0242,0.0005808
790,rs17222326,exm1609541,240,235,6,0.024,0.0235,0.000564
791,rs246210,rs953741,202,261,3,0.0202,0.0261,0.00052722
792,rs246210,rs927629,202,263,3,0.0202,0.0263,0.00053126
793,rs246210,rs13205533,202,707,5,0.0202,0.0707,0.00142814
794,rs246210,rs6464448,202,174,4,0.0202,0.0174,0.00035148
795,rs246210,rs7790976,202,289,5,0.0202,0.0289,0.00058378
796,rs246210,rs1333042,202,385,15,0.0202,0.0385,0.0007777
797,rs246210,rs2383206,202,191,5,0.0202,0.0191,0.00038582
798,rs246210,exm-rs2383207,202,226,9,0.0202,0.0226,0.00045652
799,rs246210,rs10512215,202,505,15,0.0202,0.0505,0.0010201
800,rs246210,exm-rs7025486,202,276,26,0.0202,0.0276,0.00055752
801,rs246210,rs10453997,202,211,7,0.0202,0.0211,0.00042622
802,rs246210,rs2199210,202,377,7,0.0202,0.0377,0.00076154
803,rs246210,rs10834964,202,221,7,0.0202,0.0221,0.00044642
804,rs246210,rs4754193,202,317,3,0.0202,0.0317,0.00064034
805,rs246210,rs2244175,202,229,1,0.0202,0.0229,0.00046258
806,rs246210,rs9515203,202,605,13,0.0202,0.0605,0.0012221
807,rs246210,rs8008403,202,313,2,0.0202,0.0313,0.00063226
808,rs246210,rs17826595,202,257,6,0.0202,0.0257,0.00051914
809,rs246210,rs2461700,202,202,8,0.0202,0.0202,0.00040804
810,rs246210,rs2713935,202,195,4,0.0202,0.0195,0.0003939
811,rs246210,rs8082489,202,213,6,0.0202,0.0213,0.00043026
812,rs246210,exm2272546,202,180,5,0.0202,0.018,0.0003636
813,rs246210,rs2812,202,252,2,0.0202,0.0252,0.00050904
814,rs246210,rs9303470,202,197,7,0.0202,0.0197,0.00039794
815,rs246210,exm-rs6504218,202,242,6,0.0202,0.0242,0.00048884
816,rs246210,rs7407139,202,300,8,0.0202,0.03,0.000606
817,rs246210,rs1978723,202,205,3,0.0202,0.0205,0.0004141
818,rs246210,rs6086371,202,242,4,0.0202,0.0242,0.00048884
819,rs246210,exm1609541,202,235,7,0.0202,0.0235,0.0004747
820,rs953741,rs927629,261,263,6,0.0261,0.0263,0.00068643
821,rs953741,rs13205533,261,707,21,0.0261,0.0707,0.00184527
822,rs953741,rs6464448,261,174,3,0.0261,0.0174,0.00045414
823,rs953741,rs7790976,261,289,7,0.0261,0.0289,0.00075429
824,rs953741,rs1333042,261,385,26,0.0261,0.0385,0.00100485
825,rs953741,rs2383206,261,191,6,0.0261,0.0191,0.00049851
826,rs953741,exm-rs2383207,261,226,11,0.0261,0.0226,0.00058986
827,rs953741,rs10512215,261,505,10,0.0261,0.0505,0.00131805
828,rs953741,exm-rs7025486,261,276,9,0.0261,0.0276,0.00072036
829,rs953741,rs10453997,261,211,9,0.0261,0.0211,0.00055071
830,rs953741,rs2199210,261,377,8,0.0261,0.0377,0.00098397
831,rs953741,rs10834964,261,221,3,0.0261,0.0221,0.00057681
832,rs953741,rs4754193,261,317,14,0.0261,0.0317,0.00082737
833,rs953741,rs2244175,261,229,4,0.0261,0.0229,0.00059769
834,rs953741,rs9515203,261,605,11,0.0261,0.0605,0.00157905
835,rs953741,rs8008403,261,313,9,0.0261,0.0313,0.00081693
836,rs953741,rs17826595,261,257,7,0.0261,0.0257,0.00067077
837,rs953741,rs2461700,261,202,2,0.0261,0.0202,0.00052722
838,rs953741,rs2713935,261,195,5,0.0261,0.0195,0.00050895
839,rs953741,rs8082489,261,213,2,0.0261,0.0213,0.00055593
840,rs953741,exm2272546,261,180,3,0.0261,0.018,0.0004698
841,rs953741,rs2812,261,252,4,0.0261,0.0252,0.00065772
842,rs953741,rs9303470,261,197,6,0.0261,0.0197,0.00051417
843,rs953741,exm-rs6504218,261,242,5,0.0261,0.0242,0.00063162
844,rs953741,rs7407139,261,300,5,0.0261,0.03,0.000783
845,rs953741,rs1978723,261,205,3,0.0261,0.0205,0.00053505
846,rs953741,rs6086371,261,242,10,0.0261,0.0242,0.00063162
847,rs953741,exm1609541,261,235,3,0.0261,0.0235,0.00061335
848,rs927629,rs13205533,263,707,45,0.0263,0.0707,0.00185941
849,rs927629,rs6464448,263,174,3,0.0263,0.0174,0.00045762
850,rs927629,rs7790976,263,289,19,0.0263,0.0289,0.00076007
851,rs927629,rs1333042,263,385,10,0.0263,0.0385,0.00101255
852,rs927629,rs2383206,263,191,2,0.0263,0.0191,0.00050233
853,rs927629,exm-rs2383207,263,226,7,0.0263,0.0226,0.00059438
854,rs927629,rs10512215,263,505,13,0.0263,0.0505,0.00132815
855,rs927629,exm-rs7025486,263,276,4,0.0263,0.0276,0.00072588
856,rs927629,rs10453997,263,211,4,0.0263,0.0211,0.00055493
857,rs927629,rs2199210,263,377,10,0.0263,0.0377,0.00099151
858,rs927629,rs10834964,263,221,4,0.0263,0.0221,0.00058123
859,rs927629,rs4754193,263,317,8,0.0263,0.0317,0.00083371
860,rs927629,rs2244175,263,229,10,0.0263,0.0229,0.00060227
861,rs927629,rs9515203,263,605,11,0.0263,0.0605,0.00159115
862,rs927629,rs8008403,263,313,8,0.0263,0.0313,0.00082319
863,rs927629,rs17826595,263,257,3,0.0263,0.0257,0.00067591
864,rs927629,rs2461700,263,202,3,0.0263,0.0202,0.00053126
865,rs927629,rs2713935,263,195,2,0.0263,0.0195,0.00051285
866,rs927629,rs8082489,263,213,2,0.0263,0.0213,0.00056019
867,rs927629,exm2272546,263,180,4,0.0263,0.018,0.0004734
868,rs927629,rs2812,263,252,8,0.0263,0.0252,0.00066276
869,rs927629,rs9303470,263,197,7,0.0263,0.0197,0.00051811
870,rs927629,exm-rs6504218,263,242,9,0.0263,0.0242,0.00063646
871,rs927629,rs7407139,263,300,6,0.0263,0.03,0.000789
872,rs927629,rs1978723,263,205,2,0.0263,0.0205,0.00053915
873,rs927629,rs6086371,263,242,6,0.0263,0.0242,0.00063646
874,rs927629,exm1609541,263,235,5,0.0263,0.0235,0.00061805
875,rs13205533,rs6464448,707,174,9,0.0707,0.0174,0.00123018
876,rs13205533,rs7790976,707,289,21,0.0707,0.0289,0.00204323
877,rs13205533,rs1333042,707,385,24,0.0707,0.0385,0.00272195
878,rs13205533,rs2383206,707,191,17,0.0707,0.0191,0.00135037
879,rs13205533,exm-rs2383207,707,226,15,0.0707,0.0226,0.00159782
880,rs13205533,rs10512215,707,505,35,0.0707,0.0505,0.00357035
881,rs13205533,exm-rs7025486,707,276,19,0.0707,0.0276,0.00195132
882,rs13205533,rs10453997,707,211,9,0.0707,0.0211,0.00149177
883,rs13205533,rs2199210,707,377,25,0.0707,0.0377,0.00266539
884,rs13205533,rs10834964,707,221,19,0.0707,0.0221,0.00156247
885,rs13205533,rs4754193,707,317,15,0.0707,0.0317,0.00224119
886,rs13205533,rs2244175,707,229,15,0.0707,0.0229,0.00161903
887,rs13205533,rs9515203,707,605,44,0.0707,0.0605,0.00427735
888,rs13205533,rs8008403,707,313,22,0.0707,0.0313,0.00221291
889,rs13205533,rs17826595,707,257,12,0.0707,0.0257,0.00181699
890,rs13205533,rs2461700,707,202,13,0.0707,0.0202,0.00142814
891,rs13205533,rs2713935,707,195,10,0.0707,0.0195,0.00137865
892,rs13205533,rs8082489,707,213,8,0.0707,0.0213,0.00150591
893,rs13205533,exm2272546,707,180,16,0.0707,0.018,0.0012726
894,rs13205533,rs2812,707,252,31,0.0707,0.0252,0.00178164
895,rs13205533,rs9303470,707,197,21,0.0707,0.0197,0.00139279
896,rs13205533,exm-rs6504218,707,242,24,0.0707,0.0242,0.00171094
897,rs13205533,rs7407139,707,300,18,0.0707,0.03,0.002121
898,rs13205533,rs1978723,707,205,5,0.0707,0.0205,0.00144935
899,rs13205533,rs6086371,707,242,19,0.0707,0.0242,0.00171094
900,rs13205533,exm1609541,707,235,13,0.0707,0.0235,0.00166145
901,rs6464448,rs7790976,174,289,4,0.0174,0.0289,0.00050286
902,rs6464448,rs1333042,174,385,3,0.0174,0.0385,0.0006699
903,rs6464448,rs2383206,174,191,6,0.0174,0.0191,0.00033234
904,rs6464448,exm-rs2383207,174,226,5,0.0174,0.0226,0.00039324
905,rs6464448,rs10512215,174,505,7,0.0174,0.0505,0.0008787
906,rs6464448,exm-rs7025486,174,276,7,0.0174,0.0276,0.00048024
907,rs6464448,rs10453997,174,211,1,0.0174,0.0211,0.00036714
908,rs6464448,rs2199210,174,377,4,0.0174,0.0377,0.00065598
909,rs6464448,rs10834964,174,221,6,0.0174,0.0221,0.00038454
910,rs6464448,rs4754193,174,317,0,0.0174,0.0317,0.00055158
911,rs6464448,rs2244175,174,229,8,0.0174,0.0229,0.00039846
912,rs6464448,rs9515203,174,605,25,0.0174,0.0605,0.0010527
913,rs6464448,rs8008403,174,313,1,0.0174,0.0313,0.00054462
914,rs6464448,rs17826595,174,257,2,0.0174,0.0257,0.00044718
915,rs6464448,rs2461700,174,202,3,0.0174,0.0202,0.00035148
916,rs6464448,rs2713935,174,195,1,0.0174,0.0195,0.0003393
917,rs6464448,rs8082489,174,213,3,0.0174,0.0213,0.00037062
918,rs6464448,exm2272546,174,180,5,0.0174,0.018,0.0003132
919,rs6464448,rs2812,174,252,7,0.0174,0.0252,0.00043848
920,rs6464448,rs9303470,174,197,4,0.0174,0.0197,0.00034278
921,rs6464448,exm-rs6504218,174,242,8,0.0174,0.0242,0.00042108
922,rs6464448,rs7407139,174,300,1,0.0174,0.03,0.000522
923,rs6464448,rs1978723,174,205,8,0.0174,0.0205,0.0003567
924,rs6464448,rs6086371,174,242,4,0.0174,0.0242,0.00042108
925,rs6464448,exm1609541,174,235,5,0.0174,0.0235,0.0004089
926,rs7790976,rs1333042,289,385,6,0.0289,0.0385,0.00111265
927,rs7790976,rs2383206,289,191,3,0.0289,0.0191,0.00055199
928,rs7790976,exm-rs2383207,289,226,6,0.0289,0.0226,0.00065314
929,rs7790976,rs10512215,289,505,15,0.0289,0.0505,0.00145945
930,rs7790976,exm-rs7025486,289,276,7,0.0289,0.0276,0.00079764
931,rs7790976,rs10453997,289,211,3,0.0289,0.0211,0.00060979
932,rs7790976,rs2199210,289,377,20,0.0289,0.0377,0.00108953
933,rs7790976,rs10834964,289,221,4,0.0289,0.0221,0.00063869
934,rs7790976,rs4754193,289,317,12,0.0289,0.0317,0.00091613
935,rs7790976,rs2244175,289,229,2,0.0289,0.0229,0.00066181
936,rs7790976,rs9515203,289,605,33,0.0289,0.0605,0.00174845
937,rs7790976,rs8008403,289,313,7,0.0289,0.0313,0.00090457
938,rs7790976,rs17826595,289,257,2,0.0289,0.0257,0.00074273
939,rs7790976,rs2461700,289,202,7,0.0289,0.0202,0.00058378
940,rs7790976,rs2713935,289,195,6,0.0289,0.0195,0.00056355
941,rs7790976,rs8082489,289,213,1,0.0289,0.0213,0.00061557
942,rs7790976,exm2272546,289,180,5,0.0289,0.018,0.0005202
943,rs7790976,rs2812,289,252,14,0.0289,0.0252,0.00072828
944,rs7790976,rs9303470,289,197,6,0.0289,0.0197,0.00056933
945,rs7790976,exm-rs6504218,289,242,8,0.0289,0.0242,0.00069938
946,rs7790976,rs7407139,289,300,3,0.0289,0.03,0.000867
947,rs7790976,rs1978723,289,205,5,0.0289,0.0205,0.00059245
948,rs7790976,rs6086371,289,242,4,0.0289,0.0242,0.00069938
949,rs7790976,exm1609541,289,235,1,0.0289,0.0235,0.00067915
950,rs1333042,rs2383206,385,191,0,0.0385,0.0191,0.00073535
951,rs1333042,exm-rs2383207,385,226,0,0.0385,0.0226,0.0008701
952,rs1333042,rs10512215,385,505,34,0.0385,0.0505,0.00194425
953,rs1333042,exm-rs7025486,385,276,12,0.0385,0.0276,0.0010626
954,rs1333042,rs10453997,385,211,6,0.0385,0.0211,0.00081235
955,rs1333042,rs2199210,385,377,8,0.0385,0.0377,0.00145145
956,rs1333042,rs10834964,385,221,5,0.0385,0.0221,0.00085085
957,rs1333042,rs4754193,385,317,8,0.0385,0.0317,0.00122045
958,rs1333042,rs2244175,385,229,10,0.0385,0.0229,0.00088165
959,rs1333042,rs9515203,385,605,18,0.0385,0.0605,0.00232925
960,rs1333042,rs8008403,385,313,6,0.0385,0.0313,0.00120505
961,rs1333042,rs17826595,385,257,20,0.0385,0.0257,0.00098945
962,rs1333042,rs2461700,385,202,5,0.0385,0.0202,0.0007777
963,rs1333042,rs2713935,385,195,9,0.0385,0.0195,0.00075075
964,rs1333042,rs8082489,385,213,7,0.0385,0.0213,0.00082005
965,rs1333042,exm2272546,385,180,7,0.0385,0.018,0.000693
966,rs1333042,rs2812,385,252,5,0.0385,0.0252,0.0009702
967,rs1333042,rs9303470,385,197,10,0.0385,0.0197,0.00075845
968,rs1333042,exm-rs6504218,385,242,4,0.0385,0.0242,0.0009317
969,rs1333042,rs7407139,385,300,7,0.0385,0.03,0.001155
970,rs1333042,rs1978723,385,205,2,0.0385,0.0205,0.00078925
971,rs1333042,rs6086371,385,242,9,0.0385,0.0242,0.0009317
972,rs1333042,exm1609541,385,235,4,0.0385,0.0235,0.00090475
973,rs2383206,exm-rs2383207,191,226,0,0.0191,0.0226,0.00043166
974,rs2383206,rs10512215,191,505,13,0.0191,0.0505,0.00096455
975,rs2383206,exm-rs7025486,191,276,4,0.0191,0.0276,0.00052716
976,rs2383206,rs10453997,191,211,3,0.0191,0.0211,0.00040301
977,rs2383206,rs2199210,191,377,5,0.0191,0.0377,0.00072007
978,rs2383206,rs10834964,191,221,3,0.0191,0.0221,0.00042211
979,rs2383206,rs4754193,191,317,5,0.0191,0.0317,0.00060547
980,rs2383206,rs2244175,191,229,3,0.0191,0.0229,0.00043739
981,rs2383206,rs9515203,191,605,18,0.0191,0.0605,0.00115555
982,rs2383206,rs8008403,191,313,5,0.0191,0.0313,0.00059783
983,rs2383206,rs17826595,191,257,4,0.0191,0.0257,0.00049087
984,rs2383206,rs2461700,191,202,3,0.0191,0.0202,0.00038582
985,rs2383206,rs2713935,191,195,3,0.0191,0.0195,0.00037245
986,rs2383206,rs8082489,191,213,6,0.0191,0.0213,0.00040683
987,rs2383206,exm2272546,191,180,2,0.0191,0.018,0.0003438
988,rs2383206,rs2812,191,252,5,0.0191,0.0252,0.00048132
989,rs2383206,rs9303470,191,197,1,0.0191,0.0197,0.00037627
990,rs2383206,exm-rs6504218,191,242,2,0.0191,0.0242,0.00046222
991,rs2383206,rs7407139,191,300,8,0.0191,0.03,0.000573
992,rs2383206,rs1978723,191,205,2,0.0191,0.0205,0.00039155
993,rs2383206,rs6086371,191,242,3,0.0191,0.0242,0.00046222
994,rs2383206,exm1609541,191,235,2,0.0191,0.0235,0.00044885
995,exm-rs2383207,rs10512215,226,505,9,0.0226,0.0505,0.0011413
996,exm-rs2383207,exm-rs7025486,226,276,7,0.0226,0.0276,0.00062376
997,exm-rs2383207,rs10453997,226,211,8,0.0226,0.0211,0.00047686
998,exm-rs2383207,rs2199210,226,377,10,0.0226,0.0377,0.00085202
999,exm-rs2383207,rs10834964,226,221,4,0.0226,0.0221,0.00049946
1000,exm-rs2383207,rs4754193,226,317,6,0.0226,0.0317,0.00071642
1001,exm-rs2383207,rs2244175,226,229,4,0.0226,0.0229,0.00051754
1002,exm-rs2383207,rs9515203,226,605,10,0.0226,0.0605,0.0013673
1003,exm-rs2383207,rs8008403,226,313,2,0.0226,0.0313,0.00070738
1004,exm-rs2383207,rs17826595,226,257,21,0.0226,0.0257,0.00058082
1005,exm-rs2383207,rs2461700,226,202,4,0.0226,0.0202,0.00045652
1006,exm-rs2383207,rs2713935,226,195,2,0.0226,0.0195,0.0004407
1007,exm-rs2383207,rs8082489,226,213,7,0.0226,0.0213,0.00048138
1008,exm-rs2383207,exm2272546,226,180,4,0.0226,0.018,0.0004068
1009,exm-rs2383207,rs2812,226,252,3,0.0226,0.0252,0.00056952
1010,exm-rs2383207,rs9303470,226,197,5,0.0226,0.0197,0.00044522
1011,exm-rs2383207,exm-rs6504218,226,242,4,0.0226,0.0242,0.00054692
1012,exm-rs2383207,rs7407139,226,300,6,0.0226,0.03,0.000678
1013,exm-rs2383207,rs1978723,226,205,3,0.0226,0.0205,0.0004633
1014,exm-rs2383207,rs6086371,226,242,4,0.0226,0.0242,0.00054692
1015,exm-rs2383207,exm1609541,226,235,4,0.0226,0.0235,0.0005311
1016,rs10512215,exm-rs7025486,505,276,7,0.0505,0.0276,0.0013938
1017,rs10512215,rs10453997,505,211,8,0.0505,0.0211,0.00106555
1018,rs10512215,rs2199210,505,377,25,0.0505,0.0377,0.00190385
1019,rs10512215,rs10834964,505,221,6,0.0505,0.0221,0.00111605
1020,rs10512215,rs4754193,505,317,16,0.0505,0.0317,0.00160085
1021,rs10512215,rs2244175,505,229,12,0.0505,0.0229,0.00115645
1022,rs10512215,rs9515203,505,605,22,0.0505,0.0605,0.00305525
1023,rs10512215,rs8008403,505,313,10,0.0505,0.0313,0.00158065
1024,rs10512215,rs17826595,505,257,11,0.0505,0.0257,0.00129785
1025,rs10512215,rs2461700,505,202,7,0.0505,0.0202,0.0010201
1026,rs10512215,rs2713935,505,195,9,0.0505,0.0195,0.00098475
1027,rs10512215,rs8082489,505,213,17,0.0505,0.0213,0.00107565
1028,rs10512215,exm2272546,505,180,7,0.0505,0.018,0.000909
1029,rs10512215,rs2812,505,252,10,0.0505,0.0252,0.0012726
1030,rs10512215,rs9303470,505,197,12,0.0505,0.0197,0.00099485
1031,rs10512215,exm-rs6504218,505,242,11,0.0505,0.0242,0.0012221
1032,rs10512215,rs7407139,505,300,20,0.0505,0.03,0.001515
1033,rs10512215,rs1978723,505,205,12,0.0505,0.0205,0.00103525
1034,rs10512215,rs6086371,505,242,13,0.0505,0.0242,0.0012221
1035,rs10512215,exm1609541,505,235,14,0.0505,0.0235,0.00118675
1036,exm-rs7025486,rs10453997,276,211,2,0.0276,0.0211,0.00058236
1037,exm-rs7025486,rs2199210,276,377,9,0.0276,0.0377,0.00104052
1038,exm-rs7025486,rs10834964,276,221,5,0.0276,0.0221,0.00060996
1039,exm-rs7025486,rs4754193,276,317,5,0.0276,0.0317,0.00087492
1040,exm-rs7025486,rs2244175,276,229,8,0.0276,0.0229,0.00063204
1041,exm-rs7025486,rs9515203,276,605,24,0.0276,0.0605,0.0016698
1042,exm-rs7025486,rs8008403,276,313,3,0.0276,0.0313,0.00086388
1043,exm-rs7025486,rs17826595,276,257,4,0.0276,0.0257,0.00070932
1044,exm-rs7025486,rs2461700,276,202,3,0.0276,0.0202,0.00055752
1045,exm-rs7025486,rs2713935,276,195,2,0.0276,0.0195,0.0005382
1046,exm-rs7025486,rs8082489,276,213,1,0.0276,0.0213,0.00058788
1047,exm-rs7025486,exm2272546,276,180,3,0.0276,0.018,0.0004968
1048,exm-rs7025486,rs2812,276,252,2,0.0276,0.0252,0.00069552
1049,exm-rs7025486,rs9303470,276,197,4,0.0276,0.0197,0.00054372
1050,exm-rs7025486,exm-rs6504218,276,242,6,0.0276,0.0242,0.00066792
1051,exm-rs7025486,rs7407139,276,300,13,0.0276,0.03,0.000828
1052,exm-rs7025486,rs1978723,276,205,7,0.0276,0.0205,0.0005658
1053,exm-rs7025486,rs6086371,276,242,5,0.0276,0.0242,0.00066792
1054,exm-rs7025486,exm1609541,276,235,15,0.0276,0.0235,0.0006486
1055,rs10453997,rs2199210,211,377,5,0.0211,0.0377,0.00079547
1056,rs10453997,rs10834964,211,221,4,0.0211,0.0221,0.00046631
1057,rs10453997,rs4754193,211,317,32,0.0211,0.0317,0.00066887
1058,rs10453997,rs2244175,211,229,9,0.0211,0.0229,0.00048319
1059,rs10453997,rs9515203,211,605,15,0.0211,0.0605,0.00127655
1060,rs10453997,rs8008403,211,313,4,0.0211,0.0313,0.00066043
1061,rs10453997,rs17826595,211,257,5,0.0211,0.0257,0.00054227
1062,rs10453997,rs2461700,211,202,4,0.0211,0.0202,0.00042622
1063,rs10453997,rs2713935,211,195,2,0.0211,0.0195,0.00041145
1064,rs10453997,rs8082489,211,213,3,0.0211,0.0213,0.00044943
1065,rs10453997,exm2272546,211,180,2,0.0211,0.018,0.0003798
1066,rs10453997,rs2812,211,252,9,0.0211,0.0252,0.00053172
1067,rs10453997,rs9303470,211,197,1,0.0211,0.0197,0.00041567
1068,rs10453997,exm-rs6504218,211,242,3,0.0211,0.0242,0.00051062
1069,rs10453997,rs7407139,211,300,3,0.0211,0.03,0.000633
1070,rs10453997,rs1978723,211,205,7,0.0211,0.0205,0.00043255
1071,rs10453997,rs6086371,211,242,4,0.0211,0.0242,0.00051062
1072,rs10453997,exm1609541,211,235,4,0.0211,0.0235,0.00049585
1073,rs2199210,rs10834964,377,221,5,0.0377,0.0221,0.00083317
1074,rs2199210,rs4754193,377,317,8,0.0377,0.0317,0.00119509
1075,rs2199210,rs2244175,377,229,12,0.0377,0.0229,0.00086333
1076,rs2199210,rs9515203,377,605,24,0.0377,0.0605,0.00228085
1077,rs2199210,rs8008403,377,313,8,0.0377,0.0313,0.00118001
1078,rs2199210,rs17826595,377,257,20,0.0377,0.0257,0.00096889
1079,rs2199210,rs2461700,377,202,7,0.0377,0.0202,0.00076154
1080,rs2199210,rs2713935,377,195,8,0.0377,0.0195,0.00073515
1081,rs2199210,rs8082489,377,213,6,0.0377,0.0213,0.00080301
1082,rs2199210,exm2272546,377,180,5,0.0377,0.018,0.0006786
1083,rs2199210,rs2812,377,252,9,0.0377,0.0252,0.00095004
1084,rs2199210,rs9303470,377,197,7,0.0377,0.0197,0.00074269
1085,rs2199210,exm-rs6504218,377,242,6,0.0377,0.0242,0.00091234
1086,rs2199210,rs7407139,377,300,14,0.0377,0.03,0.001131
1087,rs2199210,rs1978723,377,205,3,0.0377,0.0205,0.00077285
1088,rs2199210,rs6086371,377,242,8,0.0377,0.0242,0.00091234
1089,rs2199210,exm1609541,377,235,14,0.0377,0.0235,0.00088595
1090,rs10834964,rs4754193,221,317,4,0.0221,0.0317,0.00070057
1091,rs10834964,rs2244175,221,229,6,0.0221,0.0229,0.00050609
1092,rs10834964,rs9515203,221,605,4,0.0221,0.0605,0.00133705
1093,rs10834964,rs8008403,221,313,6,0.0221,0.0313,0.00069173
1094,rs10834964,rs17826595,221,257,5,0.0221,0.0257,0.00056797
1095,rs10834964,rs2461700,221,202,6,0.0221,0.0202,0.00044642
1096,rs10834964,rs2713935,221,195,3,0.0221,0.0195,0.00043095
1097,rs10834964,rs8082489,221,213,5,0.0221,0.0213,0.00047073
1098,rs10834964,exm2272546,221,180,4,0.0221,0.018,0.0003978
1099,rs10834964,rs2812,221,252,0,0.0221,0.0252,0.00055692
1100,rs10834964,rs9303470,221,197,0,0.0221,0.0197,0.00043537
1101,rs10834964,exm-rs6504218,221,242,4,0.0221,0.0242,0.00053482
1102,rs10834964,rs7407139,221,300,3,0.0221,0.03,0.000663
1103,rs10834964,rs1978723,221,205,3,0.0221,0.0205,0.00045305
1104,rs10834964,rs6086371,221,242,7,0.0221,0.0242,0.00053482
1105,rs10834964,exm1609541,221,235,4,0.0221,0.0235,0.00051935
1106,rs4754193,rs2244175,317,229,22,0.0317,0.0229,0.00072593
1107,rs4754193,rs9515203,317,605,18,0.0317,0.0605,0.00191785
1108,rs4754193,rs8008403,317,313,3,0.0317,0.0313,0.00099221
1109,rs4754193,rs17826595,317,257,4,0.0317,0.0257,0.00081469
1110,rs4754193,rs2461700,317,202,7,0.0317,0.0202,0.00064034
1111,rs4754193,rs2713935,317,195,7,0.0317,0.0195,0.00061815
1112,rs4754193,rs8082489,317,213,3,0.0317,0.0213,0.00067521
1113,rs4754193,exm2272546,317,180,8,0.0317,0.018,0.0005706
1114,rs4754193,rs2812,317,252,4,0.0317,0.0252,0.00079884
1115,rs4754193,rs9303470,317,197,1,0.0317,0.0197,0.00062449
1116,rs4754193,exm-rs6504218,317,242,3,0.0317,0.0242,0.00076714
1117,rs4754193,rs7407139,317,300,6,0.0317,0.03,0.000951
1118,rs4754193,rs1978723,317,205,2,0.0317,0.0205,0.00064985
1119,rs4754193,rs6086371,317,242,1,0.0317,0.0242,0.00076714
1120,rs4754193,exm1609541,317,235,9,0.0317,0.0235,0.00074495
1121,rs2244175,rs9515203,229,605,10,0.0229,0.0605,0.00138545
1122,rs2244175,rs8008403,229,313,4,0.0229,0.0313,0.00071677
1123,rs2244175,rs17826595,229,257,7,0.0229,0.0257,0.00058853
1124,rs2244175,rs2461700,229,202,4,0.0229,0.0202,0.00046258
1125,rs2244175,rs2713935,229,195,5,0.0229,0.0195,0.00044655
1126,rs2244175,rs8082489,229,213,6,0.0229,0.0213,0.00048777
1127,rs2244175,exm2272546,229,180,1,0.0229,0.018,0.0004122
1128,rs2244175,rs2812,229,252,5,0.0229,0.0252,0.00057708
1129,rs2244175,rs9303470,229,197,3,0.0229,0.0197,0.00045113
1130,rs2244175,exm-rs6504218,229,242,5,0.0229,0.0242,0.00055418
1131,rs2244175,rs7407139,229,300,4,0.0229,0.03,0.000687
1132,rs2244175,rs1978723,229,205,2,0.0229,0.0205,0.00046945
1133,rs2244175,rs6086371,229,242,5,0.0229,0.0242,0.00055418
1134,rs2244175,exm1609541,229,235,8,0.0229,0.0235,0.00053815
1135,rs9515203,rs8008403,605,313,16,0.0605,0.0313,0.00189365
1136,rs9515203,rs17826595,605,257,9,0.0605,0.0257,0.00155485
1137,rs9515203,rs2461700,605,202,6,0.0605,0.0202,0.0012221
1138,rs9515203,rs2713935,605,195,7,0.0605,0.0195,0.00117975
1139,rs9515203,rs8082489,605,213,8,0.0605,0.0213,0.00128865
1140,rs9515203,exm2272546,605,180,17,0.0605,0.018,0.001089
1141,rs9515203,rs2812,605,252,18,0.0605,0.0252,0.0015246
1142,rs9515203,rs9303470,605,197,15,0.0605,0.0197,0.00119185
1143,rs9515203,exm-rs6504218,605,242,24,0.0605,0.0242,0.0014641
1144,rs9515203,rs7407139,605,300,15,0.0605,0.03,0.001815
1145,rs9515203,rs1978723,605,205,7,0.0605,0.0205,0.00124025
1146,rs9515203,rs6086371,605,242,25,0.0605,0.0242,0.0014641
1147,rs9515203,exm1609541,605,235,11,0.0605,0.0235,0.00142175
1148,rs8008403,rs17826595,313,257,5,0.0313,0.0257,0.00080441
1149,rs8008403,rs2461700,313,202,6,0.0313,0.0202,0.00063226
1150,rs8008403,rs2713935,313,195,10,0.0313,0.0195,0.00061035
1151,rs8008403,rs8082489,313,213,4,0.0313,0.0213,0.00066669
1152,rs8008403,exm2272546,313,180,7,0.0313,0.018,0.0005634
1153,rs8008403,rs2812,313,252,14,0.0313,0.0252,0.00078876
1154,rs8008403,rs9303470,313,197,4,0.0313,0.0197,0.00061661
1155,rs8008403,exm-rs6504218,313,242,11,0.0313,0.0242,0.00075746
1156,rs8008403,rs7407139,313,300,8,0.0313,0.03,0.000939
1157,rs8008403,rs1978723,313,205,7,0.0313,0.0205,0.00064165
1158,rs8008403,rs6086371,313,242,5,0.0313,0.0242,0.00075746
1159,rs8008403,exm1609541,313,235,7,0.0313,0.0235,0.00073555
1160,rs17826595,rs2461700,257,202,9,0.0257,0.0202,0.00051914
1161,rs17826595,rs2713935,257,195,7,0.0257,0.0195,0.00050115
1162,rs17826595,rs8082489,257,213,10,0.0257,0.0213,0.00054741
1163,rs17826595,exm2272546,257,180,2,0.0257,0.018,0.0004626
1164,rs17826595,rs2812,257,252,7,0.0257,0.0252,0.00064764
1165,rs17826595,rs9303470,257,197,3,0.0257,0.0197,0.00050629
1166,rs17826595,exm-rs6504218,257,242,8,0.0257,0.0242,0.00062194
1167,rs17826595,rs7407139,257,300,4,0.0257,0.03,0.000771
1168,rs17826595,rs1978723,257,205,6,0.0257,0.0205,0.00052685
1169,rs17826595,rs6086371,257,242,3,0.0257,0.0242,0.00062194
1170,rs17826595,exm1609541,257,235,12,0.0257,0.0235,0.00060395
1171,rs2461700,rs2713935,202,195,4,0.0202,0.0195,0.0003939
1172,rs2461700,rs8082489,202,213,5,0.0202,0.0213,0.00043026
1173,rs2461700,exm2272546,202,180,1,0.0202,0.018,0.0003636
1174,rs2461700,rs2812,202,252,12,0.0202,0.0252,0.00050904
1175,rs2461700,rs9303470,202,197,9,0.0202,0.0197,0.00039794
1176,rs2461700,exm-rs6504218,202,242,11,0.0202,0.0242,0.00048884
1177,rs2461700,rs7407139,202,300,5,0.0202,0.03,0.000606
1178,rs2461700,rs1978723,202,205,19,0.0202,0.0205,0.0004141
1179,rs2461700,rs6086371,202,242,6,0.0202,0.0242,0.00048884
1180,rs2461700,exm1609541,202,235,0,0.0202,0.0235,0.0004747
1181,rs2713935,rs8082489,195,213,3,0.0195,0.0213,0.00041535
1182,rs2713935,exm2272546,195,180,4,0.0195,0.018,0.000351
1183,rs2713935,rs2812,195,252,4,0.0195,0.0252,0.0004914
1184,rs2713935,rs9303470,195,197,5,0.0195,0.0197,0.00038415
1185,rs2713935,exm-rs6504218,195,242,1,0.0195,0.0242,0.0004719
1186,rs2713935,rs7407139,195,300,4,0.0195,0.03,0.000585
1187,rs2713935,rs1978723,195,205,2,0.0195,0.0205,0.00039975
1188,rs2713935,rs6086371,195,242,13,0.0195,0.0242,0.0004719
1189,rs2713935,exm1609541,195,235,3,0.0195,0.0235,0.00045825
1190,rs8082489,exm2272546,213,180,2,0.0213,0.018,0.0003834
1191,rs8082489,rs2812,213,252,8,0.0213,0.0252,0.00053676
1192,rs8082489,rs9303470,213,197,3,0.0213,0.0197,0.00041961
1193,rs8082489,exm-rs6504218,213,242,5,0.0213,0.0242,0.00051546
1194,rs8082489,rs7407139,213,300,5,0.0213,0.03,0.000639
1195,rs8082489,rs1978723,213,205,6,0.0213,0.0205,0.00043665
1196,rs8082489,rs6086371,213,242,5,0.0213,0.0242,0.00051546
1197,rs8082489,exm1609541,213,235,3,0.0213,0.0235,0.00050055
1198,exm2272546,rs2812,180,252,0,0.018,0.0252,0.0004536
1199,exm2272546,rs9303470,180,197,0,0.018,0.0197,0.0003546
1200,exm2272546,exm-rs6504218,180,242,1,0.018,0.0242,0.0004356
1201,exm2272546,rs7407139,180,300,5,0.018,0.03,0.00054
1202,exm2272546,rs1978723,180,205,2,0.018,0.0205,0.000369
1203,exm2272546,rs6086371,180,242,4,0.018,0.0242,0.0004356
1204,exm2272546,exm1609541,180,235,4,0.018,0.0235,0.000423
1205,rs2812,rs9303470,252,197,0,0.0252,0.0197,0.00049644
1206,rs2812,exm-rs6504218,252,242,1,0.0252,0.0242,0.00060984
1207,rs2812,rs7407139,252,300,5,0.0252,0.03,0.000756
1208,rs2812,rs1978723,252,205,11,0.0252,0.0205,0.0005166
1209,rs2812,rs6086371,252,242,4,0.0252,0.0242,0.00060984
1210,rs2812,exm1609541,252,235,8,0.0252,0.0235,0.0005922
1211,rs9303470,exm-rs6504218,197,242,1,0.0197,0.0242,0.00047674
1212,rs9303470,rs7407139,197,300,7,0.0197,0.03,0.000591
1213,rs9303470,rs1978723,197,205,6,0.0197,0.0205,0.00040385
1214,rs9303470,rs6086371,197,242,0,0.0197,0.0242,0.00047674
1215,rs9303470,exm1609541,197,235,6,0.0197,0.0235,0.00046295
1216,exm-rs6504218,rs7407139,242,300,10,0.0242,0.03,0.000726
1217,exm-rs6504218,rs1978723,242,205,7,0.0242,0.0205,0.0004961
1218,exm-rs6504218,rs6086371,242,242,5,0.0242,0.0242,0.00058564
1219,exm-rs6504218,exm1609541,242,235,12,0.0242,0.0235,0.0005687
1220,rs7407139,rs1978723,300,205,3,0.03,0.0205,0.000615
1221,rs7407139,rs6086371,300,242,6,0.03,0.0242,0.000726
1222,rs7407139,exm1609541,300,235,12,0.03,0.0235,0.000705
1223,rs1978723,rs6086371,205,242,8,0.0205,0.0242,0.0004961
1224,rs1978723,exm1609541,205,235,1,0.0205,0.0235,0.00048175
1225,rs6086371,exm1609541,242,235,8,0.0242,0.0235,0.0005687
