"","p","v1","v2","fdr"
"1",0.0273632470076229,"sex","rs6731912",0.0286070309625148
"2",0.0818685271372953,"sex","rs1471695",0.0818685271372953
"3",0.00407270724101102,"sex","rs9312547",0.00669087618166096
"4",0.0146225578821444,"sex","rs2244175",0.0160907083978728
"5",0.00476468090245653,"sex","rs8082489",0.00730584405043335
"6",0.00180391291715972,"rs2842180","rs9515203",0.00434496015859897
"7",0.00797278885615986,"rs3747945","rs8008403",0.0107867143348045
"8",0.00164179982334408,"rs6693848","rs2812",0.00434496015859897
"9",0.00204878460078719,"rs6693848","rs9303470",0.00434496015859897
"10",0.00169126505151427,"rs6693848","exm.rs6504218",0.00434496015859897
"11",0.000139482037413727,"rs9818420","rs927629",0.00122138118247757
"12",0.00307647830223696,"rs1471695","rs2713935",0.00544300007318847
"13",0.000253101901246965,"rs1425486","rs246210",0.00145533593217005
"14",4.37572429459833e-05,"rs246210","exm.rs7025486",0.00100641658775762
"15",0.00170748765949557,"rs953741","rs1333042",0.00434496015859897
"16",0.00207802442367777,"rs927629","rs13205533",0.00434496015859897
"17",0.0146915163632752,"rs13205533","rs2812",0.0160907083978728
"18",0.0062920827425114,"rs6464448","rs9515203",0.00904486894236014
"19",0.000889338144779692,"rs7790976","rs9515203",0.00409095546598658
"20",0.0140522304561152,"exm.rs2383207","rs17826595",0.0160907083978728
"21",0.000159310589018814,"rs10453997","rs4754193",0.00122138118247757
"22",0.00846775242761444,"rs4754193","rs2244175",0.0108199058797296
"23",0.00253056990047356,"rs2461700","rs1978723",0.00485025897590766
